original_datetime_gmt,measurement_name,generation_kw,datetime_gmt
2019-03-01T00:00:00Z,generation_kw,0,2020-07-04T00:00:00Z
2019-03-01T00:30:00Z,generation_kw,0,2020-07-04T00:30:00Z
2019-03-01T01:00:00Z,generation_kw,0,2020-07-04T01:00:00Z
2019-03-01T01:30:00Z,generation_kw,0,2020-07-04T01:30:00Z
2019-03-01T02:00:00Z,generation_kw,0,2020-07-04T02:00:00Z
2019-03-01T02:30:00Z,generation_kw,0,2020-07-04T02:30:00Z
2019-03-01T03:00:00Z,generation_kw,0,2020-07-04T03:00:00Z
2019-03-01T03:30:00Z,generation_kw,0,2020-07-04T03:30:00Z
2019-03-01T04:00:00Z,generation_kw,0,2020-07-04T04:00:00Z
2019-03-01T04:30:00Z,generation_kw,0,2020-07-04T04:30:00Z
2019-03-01T05:00:00Z,generation_kw,0,2020-07-04T05:00:00Z
2019-03-01T05:30:00Z,generation_kw,0,2020-07-04T05:30:00Z
2019-03-01T06:00:00Z,generation_kw,0,2020-07-04T06:00:00Z
2019-03-01T06:30:00Z,generation_kw,0,2020-07-04T06:30:00Z
2019-03-01T07:00:00Z,generation_kw,0,2020-07-04T07:00:00Z
2019-03-01T07:30:00Z,generation_kw,4,2020-07-04T07:30:00Z
2019-03-01T08:00:00Z,generation_kw,36,2020-07-04T08:00:00Z
2019-03-01T08:30:00Z,generation_kw,75,2020-07-04T08:30:00Z
2019-03-01T09:00:00Z,generation_kw,131,2020-07-04T09:00:00Z
2019-03-01T09:30:00Z,generation_kw,202,2020-07-04T09:30:00Z
2019-03-01T10:00:00Z,generation_kw,260,2020-07-04T10:00:00Z
2019-03-01T10:30:00Z,generation_kw,303,2020-07-04T10:30:00Z
2019-03-01T11:00:00Z,generation_kw,365,2020-07-04T11:00:00Z
2019-03-01T11:30:00Z,generation_kw,391,2020-07-04T11:30:00Z
2019-03-01T12:00:00Z,generation_kw,416,2020-07-04T12:00:00Z
2019-03-01T12:30:00Z,generation_kw,389,2020-07-04T12:30:00Z
2019-03-01T13:00:00Z,generation_kw,404,2020-07-04T13:00:00Z
2019-03-01T13:30:00Z,generation_kw,389,2020-07-04T13:30:00Z
2019-03-01T14:00:00Z,generation_kw,376,2020-07-04T14:00:00Z
2019-03-01T14:30:00Z,generation_kw,346,2020-07-04T14:30:00Z
2019-03-01T15:00:00Z,generation_kw,337,2020-07-04T15:00:00Z
2019-03-01T15:30:00Z,generation_kw,252,2020-07-04T15:30:00Z
2019-03-01T16:00:00Z,generation_kw,174,2020-07-04T16:00:00Z
2019-03-01T16:30:00Z,generation_kw,110,2020-07-04T16:30:00Z
2019-03-01T17:00:00Z,generation_kw,60,2020-07-04T17:00:00Z
2019-03-01T17:30:00Z,generation_kw,13,2020-07-04T17:30:00Z
2019-03-01T18:00:00Z,generation_kw,0,2020-07-04T18:00:00Z
2019-03-01T18:30:00Z,generation_kw,0,2020-07-04T18:30:00Z
2019-03-01T19:00:00Z,generation_kw,0,2020-07-04T19:00:00Z
2019-03-01T19:30:00Z,generation_kw,0,2020-07-04T19:30:00Z
2019-03-01T20:00:00Z,generation_kw,0,2020-07-04T20:00:00Z
2019-03-01T20:30:00Z,generation_kw,0,2020-07-04T20:30:00Z
2019-03-01T21:00:00Z,generation_kw,0,2020-07-04T21:00:00Z
2019-03-01T21:30:00Z,generation_kw,0,2020-07-04T21:30:00Z
2019-03-01T22:00:00Z,generation_kw,0,2020-07-04T22:00:00Z
2019-03-01T22:30:00Z,generation_kw,0,2020-07-04T22:30:00Z
2019-03-01T23:00:00Z,generation_kw,0,2020-07-04T23:00:00Z
2019-03-01T23:30:00Z,generation_kw,0,2020-07-04T23:30:00Z
2019-03-02T00:00:00Z,generation_kw,0,2020-07-05T00:00:00Z
2019-03-02T00:30:00Z,generation_kw,0,2020-07-05T00:30:00Z
2019-03-02T01:00:00Z,generation_kw,0,2020-07-05T01:00:00Z
2019-03-02T01:30:00Z,generation_kw,0,2020-07-05T01:30:00Z
2019-03-02T02:00:00Z,generation_kw,0,2020-07-05T02:00:00Z
2019-03-02T02:30:00Z,generation_kw,0,2020-07-05T02:30:00Z
2019-03-02T03:00:00Z,generation_kw,0,2020-07-05T03:00:00Z
2019-03-02T03:30:00Z,generation_kw,0,2020-07-05T03:30:00Z
2019-03-02T04:00:00Z,generation_kw,0,2020-07-05T04:00:00Z
2019-03-02T04:30:00Z,generation_kw,0,2020-07-05T04:30:00Z
2019-03-02T05:00:00Z,generation_kw,0,2020-07-05T05:00:00Z
2019-03-02T05:30:00Z,generation_kw,0,2020-07-05T05:30:00Z
2019-03-02T06:00:00Z,generation_kw,0,2020-07-05T06:00:00Z
2019-03-02T06:30:00Z,generation_kw,0,2020-07-05T06:30:00Z
2019-03-02T07:00:00Z,generation_kw,0,2020-07-05T07:00:00Z
2019-03-02T07:30:00Z,generation_kw,5,2020-07-05T07:30:00Z
2019-03-02T08:00:00Z,generation_kw,57,2020-07-05T08:00:00Z
2019-03-02T08:30:00Z,generation_kw,152,2020-07-05T08:30:00Z
2019-03-02T09:00:00Z,generation_kw,243,2020-07-05T09:00:00Z
2019-03-02T09:30:00Z,generation_kw,363,2020-07-05T09:30:00Z
2019-03-02T10:00:00Z,generation_kw,410,2020-07-05T10:00:00Z
2019-03-02T10:30:00Z,generation_kw,570,2020-07-05T10:30:00Z
2019-03-02T11:00:00Z,generation_kw,698,2020-07-05T11:00:00Z
2019-03-02T11:30:00Z,generation_kw,788,2020-07-05T11:30:00Z
2019-03-02T12:00:00Z,generation_kw,920,2020-07-05T12:00:00Z
2019-03-02T12:30:00Z,generation_kw,978,2020-07-05T12:30:00Z
2019-03-02T13:00:00Z,generation_kw,910,2020-07-05T13:00:00Z
2019-03-02T13:30:00Z,generation_kw,833,2020-07-05T13:30:00Z
2019-03-02T14:00:00Z,generation_kw,615,2020-07-05T14:00:00Z
2019-03-02T14:30:00Z,generation_kw,461,2020-07-05T14:30:00Z
2019-03-02T15:00:00Z,generation_kw,335,2020-07-05T15:00:00Z
2019-03-02T15:30:00Z,generation_kw,208,2020-07-05T15:30:00Z
2019-03-02T16:00:00Z,generation_kw,142,2020-07-05T16:00:00Z
2019-03-02T16:30:00Z,generation_kw,73,2020-07-05T16:30:00Z
2019-03-02T17:00:00Z,generation_kw,45,2020-07-05T17:00:00Z
2019-03-02T17:30:00Z,generation_kw,10,2020-07-05T17:30:00Z
2019-03-02T18:00:00Z,generation_kw,1,2020-07-05T18:00:00Z
2019-03-02T18:30:00Z,generation_kw,0,2020-07-05T18:30:00Z
2019-03-02T19:00:00Z,generation_kw,0,2020-07-05T19:00:00Z
2019-03-02T19:30:00Z,generation_kw,0,2020-07-05T19:30:00Z
2019-03-02T20:00:00Z,generation_kw,0,2020-07-05T20:00:00Z
2019-03-02T20:30:00Z,generation_kw,0,2020-07-05T20:30:00Z
2019-03-02T21:00:00Z,generation_kw,0,2020-07-05T21:00:00Z
2019-03-02T21:30:00Z,generation_kw,0,2020-07-05T21:30:00Z
2019-03-02T22:00:00Z,generation_kw,0,2020-07-05T22:00:00Z
2019-03-02T22:30:00Z,generation_kw,0,2020-07-05T22:30:00Z
2019-03-02T23:00:00Z,generation_kw,0,2020-07-05T23:00:00Z
2019-03-02T23:30:00Z,generation_kw,0,2020-07-05T23:30:00Z
2019-03-03T00:00:00Z,generation_kw,0,2020-07-06T00:00:00Z
2019-03-03T00:30:00Z,generation_kw,0,2020-07-06T00:30:00Z
2019-03-03T01:00:00Z,generation_kw,0,2020-07-06T01:00:00Z
2019-03-03T01:30:00Z,generation_kw,0,2020-07-06T01:30:00Z
2019-03-03T02:00:00Z,generation_kw,0,2020-07-06T02:00:00Z
2019-03-03T02:30:00Z,generation_kw,0,2020-07-06T02:30:00Z
2019-03-03T03:00:00Z,generation_kw,0,2020-07-06T03:00:00Z
2019-03-03T03:30:00Z,generation_kw,0,2020-07-06T03:30:00Z
2019-03-03T04:00:00Z,generation_kw,0,2020-07-06T04:00:00Z
2019-03-03T04:30:00Z,generation_kw,0,2020-07-06T04:30:00Z
2019-03-03T05:00:00Z,generation_kw,0,2020-07-06T05:00:00Z
2019-03-03T05:30:00Z,generation_kw,0,2020-07-06T05:30:00Z
2019-03-03T06:00:00Z,generation_kw,0,2020-07-06T06:00:00Z
2019-03-03T06:30:00Z,generation_kw,0,2020-07-06T06:30:00Z
2019-03-03T07:00:00Z,generation_kw,0,2020-07-06T07:00:00Z
2019-03-03T07:30:00Z,generation_kw,3,2020-07-06T07:30:00Z
2019-03-03T08:00:00Z,generation_kw,31,2020-07-06T08:00:00Z
2019-03-03T08:30:00Z,generation_kw,70,2020-07-06T08:30:00Z
2019-03-03T09:00:00Z,generation_kw,123,2020-07-06T09:00:00Z
2019-03-03T09:30:00Z,generation_kw,184,2020-07-06T09:30:00Z
2019-03-03T10:00:00Z,generation_kw,205,2020-07-06T10:00:00Z
2019-03-03T10:30:00Z,generation_kw,248,2020-07-06T10:30:00Z
2019-03-03T11:00:00Z,generation_kw,297,2020-07-06T11:00:00Z
2019-03-03T11:30:00Z,generation_kw,258,2020-07-06T11:30:00Z
2019-03-03T12:00:00Z,generation_kw,273,2020-07-06T12:00:00Z
2019-03-03T12:30:00Z,generation_kw,316,2020-07-06T12:30:00Z
2019-03-03T13:00:00Z,generation_kw,256,2020-07-06T13:00:00Z
2019-03-03T13:30:00Z,generation_kw,239,2020-07-06T13:30:00Z
2019-03-03T14:00:00Z,generation_kw,214,2020-07-06T14:00:00Z
2019-03-03T14:30:00Z,generation_kw,184,2020-07-06T14:30:00Z
2019-03-03T15:00:00Z,generation_kw,153,2020-07-06T15:00:00Z
2019-03-03T15:30:00Z,generation_kw,133,2020-07-06T15:30:00Z
2019-03-03T16:00:00Z,generation_kw,105,2020-07-06T16:00:00Z
2019-03-03T16:30:00Z,generation_kw,91,2020-07-06T16:30:00Z
2019-03-03T17:00:00Z,generation_kw,57,2020-07-06T17:00:00Z
2019-03-03T17:30:00Z,generation_kw,21,2020-07-06T17:30:00Z
2019-03-03T18:00:00Z,generation_kw,1,2020-07-06T18:00:00Z
2019-03-03T18:30:00Z,generation_kw,0,2020-07-06T18:30:00Z
2019-03-03T19:00:00Z,generation_kw,0,2020-07-06T19:00:00Z
2019-03-03T19:30:00Z,generation_kw,0,2020-07-06T19:30:00Z
2019-03-03T20:00:00Z,generation_kw,0,2020-07-06T20:00:00Z
2019-03-03T20:30:00Z,generation_kw,0,2020-07-06T20:30:00Z
2019-03-03T21:00:00Z,generation_kw,0,2020-07-06T21:00:00Z
2019-03-03T21:30:00Z,generation_kw,0,2020-07-06T21:30:00Z
2019-03-03T22:00:00Z,generation_kw,0,2020-07-06T22:00:00Z
2019-03-03T22:30:00Z,generation_kw,0,2020-07-06T22:30:00Z
2019-03-03T23:00:00Z,generation_kw,0,2020-07-06T23:00:00Z
2019-03-03T23:30:00Z,generation_kw,0,2020-07-06T23:30:00Z
2019-03-04T00:00:00Z,generation_kw,0,2020-07-07T00:00:00Z
2019-03-04T00:30:00Z,generation_kw,0,2020-07-07T00:30:00Z
2019-03-04T01:00:00Z,generation_kw,0,2020-07-07T01:00:00Z
2019-03-04T01:30:00Z,generation_kw,0,2020-07-07T01:30:00Z
2019-03-04T02:00:00Z,generation_kw,0,2020-07-07T02:00:00Z
2019-03-04T02:30:00Z,generation_kw,0,2020-07-07T02:30:00Z
2019-03-04T03:00:00Z,generation_kw,0,2020-07-07T03:00:00Z
2019-03-04T03:30:00Z,generation_kw,0,2020-07-07T03:30:00Z
2019-03-04T04:00:00Z,generation_kw,0,2020-07-07T04:00:00Z
2019-03-04T04:30:00Z,generation_kw,0,2020-07-07T04:30:00Z
2019-03-04T05:00:00Z,generation_kw,0,2020-07-07T05:00:00Z
2019-03-04T05:30:00Z,generation_kw,0,2020-07-07T05:30:00Z
2019-03-04T06:00:00Z,generation_kw,0,2020-07-07T06:00:00Z
2019-03-04T06:30:00Z,generation_kw,0,2020-07-07T06:30:00Z
2019-03-04T07:00:00Z,generation_kw,1,2020-07-07T07:00:00Z
2019-03-04T07:30:00Z,generation_kw,38,2020-07-07T07:30:00Z
2019-03-04T08:00:00Z,generation_kw,165,2020-07-07T08:00:00Z
2019-03-04T08:30:00Z,generation_kw,314,2020-07-07T08:30:00Z
2019-03-04T09:00:00Z,generation_kw,463,2020-07-07T09:00:00Z
2019-03-04T09:30:00Z,generation_kw,649,2020-07-07T09:30:00Z
2019-03-04T10:00:00Z,generation_kw,816,2020-07-07T10:00:00Z
2019-03-04T10:30:00Z,generation_kw,944,2020-07-07T10:30:00Z
2019-03-04T11:00:00Z,generation_kw,1048,2020-07-07T11:00:00Z
2019-03-04T11:30:00Z,generation_kw,1076,2020-07-07T11:30:00Z
2019-03-04T12:00:00Z,generation_kw,1085,2020-07-07T12:00:00Z
2019-03-04T12:30:00Z,generation_kw,1004,2020-07-07T12:30:00Z
2019-03-04T13:00:00Z,generation_kw,991,2020-07-07T13:00:00Z
2019-03-04T13:30:00Z,generation_kw,884,2020-07-07T13:30:00Z
2019-03-04T14:00:00Z,generation_kw,792,2020-07-07T14:00:00Z
2019-03-04T14:30:00Z,generation_kw,720,2020-07-07T14:30:00Z
2019-03-04T15:00:00Z,generation_kw,681,2020-07-07T15:00:00Z
2019-03-04T15:30:00Z,generation_kw,521,2020-07-07T15:30:00Z
2019-03-04T16:00:00Z,generation_kw,408,2020-07-07T16:00:00Z
2019-03-04T16:30:00Z,generation_kw,284,2020-07-07T16:30:00Z
2019-03-04T17:00:00Z,generation_kw,155,2020-07-07T17:00:00Z
2019-03-04T17:30:00Z,generation_kw,40,2020-07-07T17:30:00Z
2019-03-04T18:00:00Z,generation_kw,2,2020-07-07T18:00:00Z
2019-03-04T18:30:00Z,generation_kw,0,2020-07-07T18:30:00Z
2019-03-04T19:00:00Z,generation_kw,0,2020-07-07T19:00:00Z
2019-03-04T19:30:00Z,generation_kw,0,2020-07-07T19:30:00Z
2019-03-04T20:00:00Z,generation_kw,0,2020-07-07T20:00:00Z
2019-03-04T20:30:00Z,generation_kw,0,2020-07-07T20:30:00Z
2019-03-04T21:00:00Z,generation_kw,0,2020-07-07T21:00:00Z
2019-03-04T21:30:00Z,generation_kw,0,2020-07-07T21:30:00Z
2019-03-04T22:00:00Z,generation_kw,0,2020-07-07T22:00:00Z
2019-03-04T22:30:00Z,generation_kw,0,2020-07-07T22:30:00Z
2019-03-04T23:00:00Z,generation_kw,0,2020-07-07T23:00:00Z
2019-03-04T23:30:00Z,generation_kw,0,2020-07-07T23:30:00Z
2019-03-05T00:00:00Z,generation_kw,0,2020-07-08T00:00:00Z
2019-03-05T00:30:00Z,generation_kw,0,2020-07-08T00:30:00Z
2019-03-05T01:00:00Z,generation_kw,0,2020-07-08T01:00:00Z
2019-03-05T01:30:00Z,generation_kw,0,2020-07-08T01:30:00Z
2019-03-05T02:00:00Z,generation_kw,0,2020-07-08T02:00:00Z
2019-03-05T02:30:00Z,generation_kw,0,2020-07-08T02:30:00Z
2019-03-05T03:00:00Z,generation_kw,0,2020-07-08T03:00:00Z
2019-03-05T03:30:00Z,generation_kw,0,2020-07-08T03:30:00Z
2019-03-05T04:00:00Z,generation_kw,0,2020-07-08T04:00:00Z
2019-03-05T04:30:00Z,generation_kw,0,2020-07-08T04:30:00Z
2019-03-05T05:00:00Z,generation_kw,0,2020-07-08T05:00:00Z
2019-03-05T05:30:00Z,generation_kw,0,2020-07-08T05:30:00Z
2019-03-05T06:00:00Z,generation_kw,0,2020-07-08T06:00:00Z
2019-03-05T06:30:00Z,generation_kw,0,2020-07-08T06:30:00Z
2019-03-05T07:00:00Z,generation_kw,4,2020-07-08T07:00:00Z
2019-03-05T07:30:00Z,generation_kw,105,2020-07-08T07:30:00Z
2019-03-05T08:00:00Z,generation_kw,305,2020-07-08T08:00:00Z
2019-03-05T08:30:00Z,generation_kw,519,2020-07-08T08:30:00Z
2019-03-05T09:00:00Z,generation_kw,705,2020-07-08T09:00:00Z
2019-03-05T09:30:00Z,generation_kw,856,2020-07-08T09:30:00Z
2019-03-05T10:00:00Z,generation_kw,997,2020-07-08T10:00:00Z
2019-03-05T10:30:00Z,generation_kw,1147,2020-07-08T10:30:00Z
2019-03-05T11:00:00Z,generation_kw,1170,2020-07-08T11:00:00Z
2019-03-05T11:30:00Z,generation_kw,1208,2020-07-08T11:30:00Z
2019-03-05T12:00:00Z,generation_kw,1181,2020-07-08T12:00:00Z
2019-03-05T12:30:00Z,generation_kw,1029,2020-07-08T12:30:00Z
2019-03-05T13:00:00Z,generation_kw,1006,2020-07-08T13:00:00Z
2019-03-05T13:30:00Z,generation_kw,976,2020-07-08T13:30:00Z
2019-03-05T14:00:00Z,generation_kw,865,2020-07-08T14:00:00Z
2019-03-05T14:30:00Z,generation_kw,709,2020-07-08T14:30:00Z
2019-03-05T15:00:00Z,generation_kw,602,2020-07-08T15:00:00Z
2019-03-05T15:30:00Z,generation_kw,427,2020-07-08T15:30:00Z
2019-03-05T16:00:00Z,generation_kw,322,2020-07-08T16:00:00Z
2019-03-05T16:30:00Z,generation_kw,237,2020-07-08T16:30:00Z
2019-03-05T17:00:00Z,generation_kw,78,2020-07-08T17:00:00Z
2019-03-05T17:30:00Z,generation_kw,18,2020-07-08T17:30:00Z
2019-03-05T18:00:00Z,generation_kw,0,2020-07-08T18:00:00Z
2019-03-05T18:30:00Z,generation_kw,0,2020-07-08T18:30:00Z
2019-03-05T19:00:00Z,generation_kw,0,2020-07-08T19:00:00Z
2019-03-05T19:30:00Z,generation_kw,0,2020-07-08T19:30:00Z
2019-03-05T20:00:00Z,generation_kw,0,2020-07-08T20:00:00Z
2019-03-05T20:30:00Z,generation_kw,0,2020-07-08T20:30:00Z
2019-03-05T21:00:00Z,generation_kw,0,2020-07-08T21:00:00Z
2019-03-05T21:30:00Z,generation_kw,0,2020-07-08T21:30:00Z
2019-03-05T22:00:00Z,generation_kw,0,2020-07-08T22:00:00Z
2019-03-05T22:30:00Z,generation_kw,0,2020-07-08T22:30:00Z
2019-03-05T23:00:00Z,generation_kw,0,2020-07-08T23:00:00Z
2019-03-05T23:30:00Z,generation_kw,0,2020-07-08T23:30:00Z
2019-03-06T00:00:00Z,generation_kw,0,2020-07-09T00:00:00Z
2019-03-06T00:30:00Z,generation_kw,0,2020-07-09T00:30:00Z
2019-03-06T01:00:00Z,generation_kw,0,2020-07-09T01:00:00Z
2019-03-06T01:30:00Z,generation_kw,0,2020-07-09T01:30:00Z
2019-03-06T02:00:00Z,generation_kw,0,2020-07-09T02:00:00Z
2019-03-06T02:30:00Z,generation_kw,0,2020-07-09T02:30:00Z
2019-03-06T03:00:00Z,generation_kw,0,2020-07-09T03:00:00Z
2019-03-06T03:30:00Z,generation_kw,0,2020-07-09T03:30:00Z
2019-03-06T04:00:00Z,generation_kw,0,2020-07-09T04:00:00Z
2019-03-06T04:30:00Z,generation_kw,0,2020-07-09T04:30:00Z
2019-03-06T05:00:00Z,generation_kw,0,2020-07-09T05:00:00Z
2019-03-06T05:30:00Z,generation_kw,0,2020-07-09T05:30:00Z
2019-03-06T06:00:00Z,generation_kw,0,2020-07-09T06:00:00Z
2019-03-06T06:30:00Z,generation_kw,0,2020-07-09T06:30:00Z
2019-03-06T07:00:00Z,generation_kw,0,2020-07-09T07:00:00Z
2019-03-06T07:30:00Z,generation_kw,2,2020-07-09T07:30:00Z
2019-03-06T08:00:00Z,generation_kw,23,2020-07-09T08:00:00Z
2019-03-06T08:30:00Z,generation_kw,64,2020-07-09T08:30:00Z
2019-03-06T09:00:00Z,generation_kw,120,2020-07-09T09:00:00Z
2019-03-06T09:30:00Z,generation_kw,197,2020-07-09T09:30:00Z
2019-03-06T10:00:00Z,generation_kw,307,2020-07-09T10:00:00Z
2019-03-06T10:30:00Z,generation_kw,331,2020-07-09T10:30:00Z
2019-03-06T11:00:00Z,generation_kw,318,2020-07-09T11:00:00Z
2019-03-06T11:30:00Z,generation_kw,378,2020-07-09T11:30:00Z
2019-03-06T12:00:00Z,generation_kw,395,2020-07-09T12:00:00Z
2019-03-06T12:30:00Z,generation_kw,404,2020-07-09T12:30:00Z
2019-03-06T13:00:00Z,generation_kw,369,2020-07-09T13:00:00Z
2019-03-06T13:30:00Z,generation_kw,399,2020-07-09T13:30:00Z
2019-03-06T14:00:00Z,generation_kw,397,2020-07-09T14:00:00Z
2019-03-06T14:30:00Z,generation_kw,414,2020-07-09T14:30:00Z
2019-03-06T15:00:00Z,generation_kw,293,2020-07-09T15:00:00Z
2019-03-06T15:30:00Z,generation_kw,260,2020-07-09T15:30:00Z
2019-03-06T16:00:00Z,generation_kw,265,2020-07-09T16:00:00Z
2019-03-06T16:30:00Z,generation_kw,222,2020-07-09T16:30:00Z
2019-03-06T17:00:00Z,generation_kw,111,2020-07-09T17:00:00Z
2019-03-06T17:30:00Z,generation_kw,36,2020-07-09T17:30:00Z
2019-03-06T18:00:00Z,generation_kw,2,2020-07-09T18:00:00Z
2019-03-06T18:30:00Z,generation_kw,0,2020-07-09T18:30:00Z
2019-03-06T19:00:00Z,generation_kw,0,2020-07-09T19:00:00Z
2019-03-06T19:30:00Z,generation_kw,0,2020-07-09T19:30:00Z
2019-03-06T20:00:00Z,generation_kw,0,2020-07-09T20:00:00Z
2019-03-06T20:30:00Z,generation_kw,0,2020-07-09T20:30:00Z
2019-03-06T21:00:00Z,generation_kw,0,2020-07-09T21:00:00Z
2019-03-06T21:30:00Z,generation_kw,0,2020-07-09T21:30:00Z
2019-03-06T22:00:00Z,generation_kw,0,2020-07-09T22:00:00Z
2019-03-06T22:30:00Z,generation_kw,0,2020-07-09T22:30:00Z
2019-03-06T23:00:00Z,generation_kw,0,2020-07-09T23:00:00Z
2019-03-06T23:30:00Z,generation_kw,0,2020-07-09T23:30:00Z
2019-03-07T00:00:00Z,generation_kw,0,2020-07-10T00:00:00Z
2019-03-07T00:30:00Z,generation_kw,0,2020-07-10T00:30:00Z
2019-03-07T01:00:00Z,generation_kw,0,2020-07-10T01:00:00Z
2019-03-07T01:30:00Z,generation_kw,0,2020-07-10T01:30:00Z
2019-03-07T02:00:00Z,generation_kw,0,2020-07-10T02:00:00Z
2019-03-07T02:30:00Z,generation_kw,0,2020-07-10T02:30:00Z
2019-03-07T03:00:00Z,generation_kw,0,2020-07-10T03:00:00Z
2019-03-07T03:30:00Z,generation_kw,0,2020-07-10T03:30:00Z
2019-03-07T04:00:00Z,generation_kw,0,2020-07-10T04:00:00Z
2019-03-07T04:30:00Z,generation_kw,0,2020-07-10T04:30:00Z
2019-03-07T05:00:00Z,generation_kw,0,2020-07-10T05:00:00Z
2019-03-07T05:30:00Z,generation_kw,0,2020-07-10T05:30:00Z
2019-03-07T06:00:00Z,generation_kw,0,2020-07-10T06:00:00Z
2019-03-07T06:30:00Z,generation_kw,0,2020-07-10T06:30:00Z
2019-03-07T07:00:00Z,generation_kw,8,2020-07-10T07:00:00Z
2019-03-07T07:30:00Z,generation_kw,93,2020-07-10T07:30:00Z
2019-03-07T08:00:00Z,generation_kw,228,2020-07-10T08:00:00Z
2019-03-07T08:30:00Z,generation_kw,382,2020-07-10T08:30:00Z
2019-03-07T09:00:00Z,generation_kw,534,2020-07-10T09:00:00Z
2019-03-07T09:30:00Z,generation_kw,647,2020-07-10T09:30:00Z
2019-03-07T10:00:00Z,generation_kw,694,2020-07-10T10:00:00Z
2019-03-07T10:30:00Z,generation_kw,779,2020-07-10T10:30:00Z
2019-03-07T11:00:00Z,generation_kw,801,2020-07-10T11:00:00Z
2019-03-07T11:30:00Z,generation_kw,850,2020-07-10T11:30:00Z
2019-03-07T12:00:00Z,generation_kw,824,2020-07-10T12:00:00Z
2019-03-07T12:30:00Z,generation_kw,754,2020-07-10T12:30:00Z
2019-03-07T13:00:00Z,generation_kw,717,2020-07-10T13:00:00Z
2019-03-07T13:30:00Z,generation_kw,670,2020-07-10T13:30:00Z
2019-03-07T14:00:00Z,generation_kw,566,2020-07-10T14:00:00Z
2019-03-07T14:30:00Z,generation_kw,421,2020-07-10T14:30:00Z
2019-03-07T15:00:00Z,generation_kw,337,2020-07-10T15:00:00Z
2019-03-07T15:30:00Z,generation_kw,267,2020-07-10T15:30:00Z
2019-03-07T16:00:00Z,generation_kw,194,2020-07-10T16:00:00Z
2019-03-07T16:30:00Z,generation_kw,144,2020-07-10T16:30:00Z
2019-03-07T17:00:00Z,generation_kw,82,2020-07-10T17:00:00Z
2019-03-07T17:30:00Z,generation_kw,37,2020-07-10T17:30:00Z
2019-03-07T18:00:00Z,generation_kw,7,2020-07-10T18:00:00Z
2019-03-07T18:30:00Z,generation_kw,0,2020-07-10T18:30:00Z
2019-03-07T19:00:00Z,generation_kw,0,2020-07-10T19:00:00Z
2019-03-07T19:30:00Z,generation_kw,0,2020-07-10T19:30:00Z
2019-03-07T20:00:00Z,generation_kw,0,2020-07-10T20:00:00Z
2019-03-07T20:30:00Z,generation_kw,0,2020-07-10T20:30:00Z
2019-03-07T21:00:00Z,generation_kw,0,2020-07-10T21:00:00Z
2019-03-07T21:30:00Z,generation_kw,0,2020-07-10T21:30:00Z
2019-03-07T22:00:00Z,generation_kw,0,2020-07-10T22:00:00Z
2019-03-07T22:30:00Z,generation_kw,0,2020-07-10T22:30:00Z
2019-03-07T23:00:00Z,generation_kw,0,2020-07-10T23:00:00Z
2019-03-07T23:30:00Z,generation_kw,0,2020-07-10T23:30:00Z
2019-03-08T00:00:00Z,generation_kw,0,2020-07-11T00:00:00Z
2019-03-08T00:30:00Z,generation_kw,0,2020-07-11T00:30:00Z
2019-03-08T01:00:00Z,generation_kw,0,2020-07-11T01:00:00Z
2019-03-08T01:30:00Z,generation_kw,0,2020-07-11T01:30:00Z
2019-03-08T02:00:00Z,generation_kw,0,2020-07-11T02:00:00Z
2019-03-08T02:30:00Z,generation_kw,0,2020-07-11T02:30:00Z
2019-03-08T03:00:00Z,generation_kw,0,2020-07-11T03:00:00Z
2019-03-08T03:30:00Z,generation_kw,0,2020-07-11T03:30:00Z
2019-03-08T04:00:00Z,generation_kw,0,2020-07-11T04:00:00Z
2019-03-08T04:30:00Z,generation_kw,0,2020-07-11T04:30:00Z
2019-03-08T05:00:00Z,generation_kw,0,2020-07-11T05:00:00Z
2019-03-08T05:30:00Z,generation_kw,0,2020-07-11T05:30:00Z
2019-03-08T06:00:00Z,generation_kw,0,2020-07-11T06:00:00Z
2019-03-08T06:30:00Z,generation_kw,0,2020-07-11T06:30:00Z
2019-03-08T07:00:00Z,generation_kw,17,2020-07-11T07:00:00Z
2019-03-08T07:30:00Z,generation_kw,136,2020-07-11T07:30:00Z
2019-03-08T08:00:00Z,generation_kw,305,2020-07-11T08:00:00Z
2019-03-08T08:30:00Z,generation_kw,468,2020-07-11T08:30:00Z
2019-03-08T09:00:00Z,generation_kw,557,2020-07-11T09:00:00Z
2019-03-08T09:30:00Z,generation_kw,645,2020-07-11T09:30:00Z
2019-03-08T10:00:00Z,generation_kw,702,2020-07-11T10:00:00Z
2019-03-08T10:30:00Z,generation_kw,673,2020-07-11T10:30:00Z
2019-03-08T11:00:00Z,generation_kw,591,2020-07-11T11:00:00Z
2019-03-08T11:30:00Z,generation_kw,500,2020-07-11T11:30:00Z
2019-03-08T12:00:00Z,generation_kw,425,2020-07-11T12:00:00Z
2019-03-08T12:30:00Z,generation_kw,401,2020-07-11T12:30:00Z
2019-03-08T13:00:00Z,generation_kw,380,2020-07-11T13:00:00Z
2019-03-08T13:30:00Z,generation_kw,412,2020-07-11T13:30:00Z
2019-03-08T14:00:00Z,generation_kw,397,2020-07-11T14:00:00Z
2019-03-08T14:30:00Z,generation_kw,369,2020-07-11T14:30:00Z
2019-03-08T15:00:00Z,generation_kw,314,2020-07-11T15:00:00Z
2019-03-08T15:30:00Z,generation_kw,224,2020-07-11T15:30:00Z
2019-03-08T16:00:00Z,generation_kw,165,2020-07-11T16:00:00Z
2019-03-08T16:30:00Z,generation_kw,121,2020-07-11T16:30:00Z
2019-03-08T17:00:00Z,generation_kw,56,2020-07-11T17:00:00Z
2019-03-08T17:30:00Z,generation_kw,19,2020-07-11T17:30:00Z
2019-03-08T18:00:00Z,generation_kw,1,2020-07-11T18:00:00Z
2019-03-08T18:30:00Z,generation_kw,0,2020-07-11T18:30:00Z
2019-03-08T19:00:00Z,generation_kw,0,2020-07-11T19:00:00Z
2019-03-08T19:30:00Z,generation_kw,0,2020-07-11T19:30:00Z
2019-03-08T20:00:00Z,generation_kw,0,2020-07-11T20:00:00Z
2019-03-08T20:30:00Z,generation_kw,0,2020-07-11T20:30:00Z
2019-03-08T21:00:00Z,generation_kw,0,2020-07-11T21:00:00Z
2019-03-08T21:30:00Z,generation_kw,0,2020-07-11T21:30:00Z
2019-03-08T22:00:00Z,generation_kw,0,2020-07-11T22:00:00Z
2019-03-08T22:30:00Z,generation_kw,0,2020-07-11T22:30:00Z
2019-03-08T23:00:00Z,generation_kw,0,2020-07-11T23:00:00Z
2019-03-08T23:30:00Z,generation_kw,0,2020-07-11T23:30:00Z
2019-03-09T00:00:00Z,generation_kw,0,2020-07-12T00:00:00Z
2019-03-09T00:30:00Z,generation_kw,0,2020-07-12T00:30:00Z
2019-03-09T01:00:00Z,generation_kw,0,2020-07-12T01:00:00Z
2019-03-09T01:30:00Z,generation_kw,0,2020-07-12T01:30:00Z
2019-03-09T02:00:00Z,generation_kw,0,2020-07-12T02:00:00Z
2019-03-09T02:30:00Z,generation_kw,0,2020-07-12T02:30:00Z
2019-03-09T03:00:00Z,generation_kw,0,2020-07-12T03:00:00Z
2019-03-09T03:30:00Z,generation_kw,0,2020-07-12T03:30:00Z
2019-03-09T04:00:00Z,generation_kw,0,2020-07-12T04:00:00Z
2019-03-09T04:30:00Z,generation_kw,0,2020-07-12T04:30:00Z
2019-03-09T05:00:00Z,generation_kw,0,2020-07-12T05:00:00Z
2019-03-09T05:30:00Z,generation_kw,0,2020-07-12T05:30:00Z
2019-03-09T06:00:00Z,generation_kw,0,2020-07-12T06:00:00Z
2019-03-09T06:30:00Z,generation_kw,0,2020-07-12T06:30:00Z
2019-03-09T07:00:00Z,generation_kw,2,2020-07-12T07:00:00Z
2019-03-09T07:30:00Z,generation_kw,52,2020-07-12T07:30:00Z
2019-03-09T08:00:00Z,generation_kw,159,2020-07-12T08:00:00Z
2019-03-09T08:30:00Z,generation_kw,318,2020-07-12T08:30:00Z
2019-03-09T09:00:00Z,generation_kw,472,2020-07-12T09:00:00Z
2019-03-09T09:30:00Z,generation_kw,630,2020-07-12T09:30:00Z
2019-03-09T10:00:00Z,generation_kw,754,2020-07-12T10:00:00Z
2019-03-09T10:30:00Z,generation_kw,777,2020-07-12T10:30:00Z
2019-03-09T11:00:00Z,generation_kw,1087,2020-07-12T11:00:00Z
2019-03-09T11:30:00Z,generation_kw,1202,2020-07-12T11:30:00Z
2019-03-09T12:00:00Z,generation_kw,1381,2020-07-12T12:00:00Z
2019-03-09T12:30:00Z,generation_kw,1360,2020-07-12T12:30:00Z
2019-03-09T13:00:00Z,generation_kw,1354,2020-07-12T13:00:00Z
2019-03-09T13:30:00Z,generation_kw,1279,2020-07-12T13:30:00Z
2019-03-09T14:00:00Z,generation_kw,1018,2020-07-12T14:00:00Z
2019-03-09T14:30:00Z,generation_kw,863,2020-07-12T14:30:00Z
2019-03-09T15:00:00Z,generation_kw,786,2020-07-12T15:00:00Z
2019-03-09T15:30:00Z,generation_kw,544,2020-07-12T15:30:00Z
2019-03-09T16:00:00Z,generation_kw,401,2020-07-12T16:00:00Z
2019-03-09T16:30:00Z,generation_kw,241,2020-07-12T16:30:00Z
2019-03-09T17:00:00Z,generation_kw,118,2020-07-12T17:00:00Z
2019-03-09T17:30:00Z,generation_kw,40,2020-07-12T17:30:00Z
2019-03-09T18:00:00Z,generation_kw,2,2020-07-12T18:00:00Z
2019-03-09T18:30:00Z,generation_kw,0,2020-07-12T18:30:00Z
2019-03-09T19:00:00Z,generation_kw,0,2020-07-12T19:00:00Z
2019-03-09T19:30:00Z,generation_kw,0,2020-07-12T19:30:00Z
2019-03-09T20:00:00Z,generation_kw,0,2020-07-12T20:00:00Z
2019-03-09T20:30:00Z,generation_kw,0,2020-07-12T20:30:00Z
2019-03-09T21:00:00Z,generation_kw,0,2020-07-12T21:00:00Z
2019-03-09T21:30:00Z,generation_kw,0,2020-07-12T21:30:00Z
2019-03-09T22:00:00Z,generation_kw,0,2020-07-12T22:00:00Z
2019-03-09T22:30:00Z,generation_kw,0,2020-07-12T22:30:00Z
2019-03-09T23:00:00Z,generation_kw,0,2020-07-12T23:00:00Z
2019-03-09T23:30:00Z,generation_kw,0,2020-07-12T23:30:00Z
2019-03-10T00:00:00Z,generation_kw,0,2020-07-13T00:00:00Z
2019-03-10T00:30:00Z,generation_kw,0,2020-07-13T00:30:00Z
2019-03-10T01:00:00Z,generation_kw,0,2020-07-13T01:00:00Z
2019-03-10T01:30:00Z,generation_kw,0,2020-07-13T01:30:00Z
2019-03-10T02:00:00Z,generation_kw,0,2020-07-13T02:00:00Z
2019-03-10T02:30:00Z,generation_kw,0,2020-07-13T02:30:00Z
2019-03-10T03:00:00Z,generation_kw,0,2020-07-13T03:00:00Z
2019-03-10T03:30:00Z,generation_kw,0,2020-07-13T03:30:00Z
2019-03-10T04:00:00Z,generation_kw,0,2020-07-13T04:00:00Z
2019-03-10T04:30:00Z,generation_kw,0,2020-07-13T04:30:00Z
2019-03-10T05:00:00Z,generation_kw,0,2020-07-13T05:00:00Z
2019-03-10T05:30:00Z,generation_kw,0,2020-07-13T05:30:00Z
2019-03-10T06:00:00Z,generation_kw,0,2020-07-13T06:00:00Z
2019-03-10T06:30:00Z,generation_kw,0,2020-07-13T06:30:00Z
2019-03-10T07:00:00Z,generation_kw,3,2020-07-13T07:00:00Z
2019-03-10T07:30:00Z,generation_kw,33,2020-07-13T07:30:00Z
2019-03-10T08:00:00Z,generation_kw,149,2020-07-13T08:00:00Z
2019-03-10T08:30:00Z,generation_kw,271,2020-07-13T08:30:00Z
2019-03-10T09:00:00Z,generation_kw,369,2020-07-13T09:00:00Z
2019-03-10T09:30:00Z,generation_kw,502,2020-07-13T09:30:00Z
2019-03-10T10:00:00Z,generation_kw,611,2020-07-13T10:00:00Z
2019-03-10T10:30:00Z,generation_kw,660,2020-07-13T10:30:00Z
2019-03-10T11:00:00Z,generation_kw,743,2020-07-13T11:00:00Z
2019-03-10T11:30:00Z,generation_kw,837,2020-07-13T11:30:00Z
2019-03-10T12:00:00Z,generation_kw,954,2020-07-13T12:00:00Z
2019-03-10T12:30:00Z,generation_kw,1040,2020-07-13T12:30:00Z
2019-03-10T13:00:00Z,generation_kw,1162,2020-07-13T13:00:00Z
2019-03-10T13:30:00Z,generation_kw,1187,2020-07-13T13:30:00Z
2019-03-10T14:00:00Z,generation_kw,1228,2020-07-13T14:00:00Z
2019-03-10T14:30:00Z,generation_kw,1149,2020-07-13T14:30:00Z
2019-03-10T15:00:00Z,generation_kw,892,2020-07-13T15:00:00Z
2019-03-10T15:30:00Z,generation_kw,843,2020-07-13T15:30:00Z
2019-03-10T16:00:00Z,generation_kw,559,2020-07-13T16:00:00Z
2019-03-10T16:30:00Z,generation_kw,444,2020-07-13T16:30:00Z
2019-03-10T17:00:00Z,generation_kw,235,2020-07-13T17:00:00Z
2019-03-10T17:30:00Z,generation_kw,74,2020-07-13T17:30:00Z
2019-03-10T18:00:00Z,generation_kw,10,2020-07-13T18:00:00Z
2019-03-10T18:30:00Z,generation_kw,0,2020-07-13T18:30:00Z
2019-03-10T19:00:00Z,generation_kw,0,2020-07-13T19:00:00Z
2019-03-10T19:30:00Z,generation_kw,0,2020-07-13T19:30:00Z
2019-03-10T20:00:00Z,generation_kw,0,2020-07-13T20:00:00Z
2019-03-10T20:30:00Z,generation_kw,0,2020-07-13T20:30:00Z
2019-03-10T21:00:00Z,generation_kw,0,2020-07-13T21:00:00Z
2019-03-10T21:30:00Z,generation_kw,0,2020-07-13T21:30:00Z
2019-03-10T22:00:00Z,generation_kw,0,2020-07-13T22:00:00Z
2019-03-10T22:30:00Z,generation_kw,0,2020-07-13T22:30:00Z
2019-03-10T23:00:00Z,generation_kw,0,2020-07-13T23:00:00Z
2019-03-10T23:30:00Z,generation_kw,0,2020-07-13T23:30:00Z
2019-03-11T00:00:00Z,generation_kw,0,2020-07-14T00:00:00Z
2019-03-11T00:30:00Z,generation_kw,0,2020-07-14T00:30:00Z
2019-03-11T01:00:00Z,generation_kw,0,2020-07-14T01:00:00Z
2019-03-11T01:30:00Z,generation_kw,0,2020-07-14T01:30:00Z
2019-03-11T02:00:00Z,generation_kw,0,2020-07-14T02:00:00Z
2019-03-11T02:30:00Z,generation_kw,0,2020-07-14T02:30:00Z
2019-03-11T03:00:00Z,generation_kw,0,2020-07-14T03:00:00Z
2019-03-11T03:30:00Z,generation_kw,0,2020-07-14T03:30:00Z
2019-03-11T04:00:00Z,generation_kw,0,2020-07-14T04:00:00Z
2019-03-11T04:30:00Z,generation_kw,0,2020-07-14T04:30:00Z
2019-03-11T05:00:00Z,generation_kw,0,2020-07-14T05:00:00Z
2019-03-11T05:30:00Z,generation_kw,0,2020-07-14T05:30:00Z
2019-03-11T06:00:00Z,generation_kw,0,2020-07-14T06:00:00Z
2019-03-11T06:30:00Z,generation_kw,0,2020-07-14T06:30:00Z
2019-03-11T07:00:00Z,generation_kw,22,2020-07-14T07:00:00Z
2019-03-11T07:30:00Z,generation_kw,174,2020-07-14T07:30:00Z
2019-03-11T08:00:00Z,generation_kw,399,2020-07-14T08:00:00Z
2019-03-11T08:30:00Z,generation_kw,634,2020-07-14T08:30:00Z
2019-03-11T09:00:00Z,generation_kw,858,2020-07-14T09:00:00Z
2019-03-11T09:30:00Z,generation_kw,1042,2020-07-14T09:30:00Z
2019-03-11T10:00:00Z,generation_kw,1208,2020-07-14T10:00:00Z
2019-03-11T10:30:00Z,generation_kw,1337,2020-07-14T10:30:00Z
2019-03-11T11:00:00Z,generation_kw,1439,2020-07-14T11:00:00Z
2019-03-11T11:30:00Z,generation_kw,1495,2020-07-14T11:30:00Z
2019-03-11T12:00:00Z,generation_kw,1557,2020-07-14T12:00:00Z
2019-03-11T12:30:00Z,generation_kw,1544,2020-07-14T12:30:00Z
2019-03-11T13:00:00Z,generation_kw,1482,2020-07-14T13:00:00Z
2019-03-11T13:30:00Z,generation_kw,1463,2020-07-14T13:30:00Z
2019-03-11T14:00:00Z,generation_kw,1341,2020-07-14T14:00:00Z
2019-03-11T14:30:00Z,generation_kw,1200,2020-07-14T14:30:00Z
2019-03-11T15:00:00Z,generation_kw,1033,2020-07-14T15:00:00Z
2019-03-11T15:30:00Z,generation_kw,811,2020-07-14T15:30:00Z
2019-03-11T16:00:00Z,generation_kw,576,2020-07-14T16:00:00Z
2019-03-11T16:30:00Z,generation_kw,348,2020-07-14T16:30:00Z
2019-03-11T17:00:00Z,generation_kw,164,2020-07-14T17:00:00Z
2019-03-11T17:30:00Z,generation_kw,59,2020-07-14T17:30:00Z
2019-03-11T18:00:00Z,generation_kw,6,2020-07-14T18:00:00Z
2019-03-11T18:30:00Z,generation_kw,0,2020-07-14T18:30:00Z
2019-03-11T19:00:00Z,generation_kw,0,2020-07-14T19:00:00Z
2019-03-11T19:30:00Z,generation_kw,0,2020-07-14T19:30:00Z
2019-03-11T20:00:00Z,generation_kw,0,2020-07-14T20:00:00Z
2019-03-11T20:30:00Z,generation_kw,0,2020-07-14T20:30:00Z
2019-03-11T21:00:00Z,generation_kw,0,2020-07-14T21:00:00Z
2019-03-11T21:30:00Z,generation_kw,0,2020-07-14T21:30:00Z
2019-03-11T22:00:00Z,generation_kw,0,2020-07-14T22:00:00Z
2019-03-11T22:30:00Z,generation_kw,0,2020-07-14T22:30:00Z
2019-03-11T23:00:00Z,generation_kw,0,2020-07-14T23:00:00Z
2019-03-11T23:30:00Z,generation_kw,0,2020-07-14T23:30:00Z
2019-03-12T00:00:00Z,generation_kw,0,2020-07-15T00:00:00Z
2019-03-12T00:30:00Z,generation_kw,0,2020-07-15T00:30:00Z
2019-03-12T01:00:00Z,generation_kw,0,2020-07-15T01:00:00Z
2019-03-12T01:30:00Z,generation_kw,0,2020-07-15T01:30:00Z
2019-03-12T02:00:00Z,generation_kw,0,2020-07-15T02:00:00Z
2019-03-12T02:30:00Z,generation_kw,0,2020-07-15T02:30:00Z
2019-03-12T03:00:00Z,generation_kw,0,2020-07-15T03:00:00Z
2019-03-12T03:30:00Z,generation_kw,0,2020-07-15T03:30:00Z
2019-03-12T04:00:00Z,generation_kw,0,2020-07-15T04:00:00Z
2019-03-12T04:30:00Z,generation_kw,0,2020-07-15T04:30:00Z
2019-03-12T05:00:00Z,generation_kw,0,2020-07-15T05:00:00Z
2019-03-12T05:30:00Z,generation_kw,0,2020-07-15T05:30:00Z
2019-03-12T06:00:00Z,generation_kw,0,2020-07-15T06:00:00Z
2019-03-12T06:30:00Z,generation_kw,0,2020-07-15T06:30:00Z
2019-03-12T07:00:00Z,generation_kw,1,2020-07-15T07:00:00Z
2019-03-12T07:30:00Z,generation_kw,8,2020-07-15T07:30:00Z
2019-03-12T08:00:00Z,generation_kw,23,2020-07-15T08:00:00Z
2019-03-12T08:30:00Z,generation_kw,57,2020-07-15T08:30:00Z
2019-03-12T09:00:00Z,generation_kw,79,2020-07-15T09:00:00Z
2019-03-12T09:30:00Z,generation_kw,110,2020-07-15T09:30:00Z
2019-03-12T10:00:00Z,generation_kw,140,2020-07-15T10:00:00Z
2019-03-12T10:30:00Z,generation_kw,184,2020-07-15T10:30:00Z
2019-03-12T11:00:00Z,generation_kw,200,2020-07-15T11:00:00Z
2019-03-12T11:30:00Z,generation_kw,211,2020-07-15T11:30:00Z
2019-03-12T12:00:00Z,generation_kw,235,2020-07-15T12:00:00Z
2019-03-12T12:30:00Z,generation_kw,263,2020-07-15T12:30:00Z
2019-03-12T13:00:00Z,generation_kw,273,2020-07-15T13:00:00Z
2019-03-12T13:30:00Z,generation_kw,312,2020-07-15T13:30:00Z
2019-03-12T14:00:00Z,generation_kw,378,2020-07-15T14:00:00Z
2019-03-12T14:30:00Z,generation_kw,495,2020-07-15T14:30:00Z
2019-03-12T15:00:00Z,generation_kw,600,2020-07-15T15:00:00Z
2019-03-12T15:30:00Z,generation_kw,619,2020-07-15T15:30:00Z
2019-03-12T16:00:00Z,generation_kw,555,2020-07-15T16:00:00Z
2019-03-12T16:30:00Z,generation_kw,487,2020-07-15T16:30:00Z
2019-03-12T17:00:00Z,generation_kw,337,2020-07-15T17:00:00Z
2019-03-12T17:30:00Z,generation_kw,144,2020-07-15T17:30:00Z
2019-03-12T18:00:00Z,generation_kw,21,2020-07-15T18:00:00Z
2019-03-12T18:30:00Z,generation_kw,0,2020-07-15T18:30:00Z
2019-03-12T19:00:00Z,generation_kw,0,2020-07-15T19:00:00Z
2019-03-12T19:30:00Z,generation_kw,0,2020-07-15T19:30:00Z
2019-03-12T20:00:00Z,generation_kw,0,2020-07-15T20:00:00Z
2019-03-12T20:30:00Z,generation_kw,0,2020-07-15T20:30:00Z
2019-03-12T21:00:00Z,generation_kw,0,2020-07-15T21:00:00Z
2019-03-12T21:30:00Z,generation_kw,0,2020-07-15T21:30:00Z
2019-03-12T22:00:00Z,generation_kw,0,2020-07-15T22:00:00Z
2019-03-12T22:30:00Z,generation_kw,0,2020-07-15T22:30:00Z
2019-03-12T23:00:00Z,generation_kw,0,2020-07-15T23:00:00Z
2019-03-12T23:30:00Z,generation_kw,0,2020-07-15T23:30:00Z
2019-03-13T00:00:00Z,generation_kw,0,2020-07-16T00:00:00Z
2019-03-13T00:30:00Z,generation_kw,0,2020-07-16T00:30:00Z
2019-03-13T01:00:00Z,generation_kw,0,2020-07-16T01:00:00Z
2019-03-13T01:30:00Z,generation_kw,0,2020-07-16T01:30:00Z
2019-03-13T02:00:00Z,generation_kw,0,2020-07-16T02:00:00Z
2019-03-13T02:30:00Z,generation_kw,0,2020-07-16T02:30:00Z
2019-03-13T03:00:00Z,generation_kw,0,2020-07-16T03:00:00Z
2019-03-13T03:30:00Z,generation_kw,0,2020-07-16T03:30:00Z
2019-03-13T04:00:00Z,generation_kw,0,2020-07-16T04:00:00Z
2019-03-13T04:30:00Z,generation_kw,0,2020-07-16T04:30:00Z
2019-03-13T05:00:00Z,generation_kw,0,2020-07-16T05:00:00Z
2019-03-13T05:30:00Z,generation_kw,0,2020-07-16T05:30:00Z
2019-03-13T06:00:00Z,generation_kw,0,2020-07-16T06:00:00Z
2019-03-13T06:30:00Z,generation_kw,0,2020-07-16T06:30:00Z
2019-03-13T07:00:00Z,generation_kw,13,2020-07-16T07:00:00Z
2019-03-13T07:30:00Z,generation_kw,106,2020-07-16T07:30:00Z
2019-03-13T08:00:00Z,generation_kw,243,2020-07-16T08:00:00Z
2019-03-13T08:30:00Z,generation_kw,410,2020-07-16T08:30:00Z
2019-03-13T09:00:00Z,generation_kw,521,2020-07-16T09:00:00Z
2019-03-13T09:30:00Z,generation_kw,707,2020-07-16T09:30:00Z
2019-03-13T10:00:00Z,generation_kw,852,2020-07-16T10:00:00Z
2019-03-13T10:30:00Z,generation_kw,905,2020-07-16T10:30:00Z
2019-03-13T11:00:00Z,generation_kw,850,2020-07-16T11:00:00Z
2019-03-13T11:30:00Z,generation_kw,865,2020-07-16T11:30:00Z
2019-03-13T12:00:00Z,generation_kw,843,2020-07-16T12:00:00Z
2019-03-13T12:30:00Z,generation_kw,905,2020-07-16T12:30:00Z
2019-03-13T13:00:00Z,generation_kw,886,2020-07-16T13:00:00Z
2019-03-13T13:30:00Z,generation_kw,860,2020-07-16T13:30:00Z
2019-03-13T14:00:00Z,generation_kw,852,2020-07-16T14:00:00Z
2019-03-13T14:30:00Z,generation_kw,794,2020-07-16T14:30:00Z
2019-03-13T15:00:00Z,generation_kw,664,2020-07-16T15:00:00Z
2019-03-13T15:30:00Z,generation_kw,527,2020-07-16T15:30:00Z
2019-03-13T16:00:00Z,generation_kw,414,2020-07-16T16:00:00Z
2019-03-13T16:30:00Z,generation_kw,322,2020-07-16T16:30:00Z
2019-03-13T17:00:00Z,generation_kw,161,2020-07-16T17:00:00Z
2019-03-13T17:30:00Z,generation_kw,63,2020-07-16T17:30:00Z
2019-03-13T18:00:00Z,generation_kw,9,2020-07-16T18:00:00Z
2019-03-13T18:30:00Z,generation_kw,0,2020-07-16T18:30:00Z
2019-03-13T19:00:00Z,generation_kw,0,2020-07-16T19:00:00Z
2019-03-13T19:30:00Z,generation_kw,0,2020-07-16T19:30:00Z
2019-03-13T20:00:00Z,generation_kw,0,2020-07-16T20:00:00Z
2019-03-13T20:30:00Z,generation_kw,0,2020-07-16T20:30:00Z
2019-03-13T21:00:00Z,generation_kw,0,2020-07-16T21:00:00Z
2019-03-13T21:30:00Z,generation_kw,0,2020-07-16T21:30:00Z
2019-03-13T22:00:00Z,generation_kw,0,2020-07-16T22:00:00Z
2019-03-13T22:30:00Z,generation_kw,0,2020-07-16T22:30:00Z
2019-03-13T23:00:00Z,generation_kw,0,2020-07-16T23:00:00Z
2019-03-13T23:30:00Z,generation_kw,0,2020-07-16T23:30:00Z
2019-03-14T00:00:00Z,generation_kw,0,2020-07-17T00:00:00Z
2019-03-14T00:30:00Z,generation_kw,0,2020-07-17T00:30:00Z
2019-03-14T01:00:00Z,generation_kw,0,2020-07-17T01:00:00Z
2019-03-14T01:30:00Z,generation_kw,0,2020-07-17T01:30:00Z
2019-03-14T02:00:00Z,generation_kw,0,2020-07-17T02:00:00Z
2019-03-14T02:30:00Z,generation_kw,0,2020-07-17T02:30:00Z
2019-03-14T03:00:00Z,generation_kw,0,2020-07-17T03:00:00Z
2019-03-14T03:30:00Z,generation_kw,0,2020-07-17T03:30:00Z
2019-03-14T04:00:00Z,generation_kw,0,2020-07-17T04:00:00Z
2019-03-14T04:30:00Z,generation_kw,0,2020-07-17T04:30:00Z
2019-03-14T05:00:00Z,generation_kw,0,2020-07-17T05:00:00Z
2019-03-14T05:30:00Z,generation_kw,0,2020-07-17T05:30:00Z
2019-03-14T06:00:00Z,generation_kw,0,2020-07-17T06:00:00Z
2019-03-14T06:30:00Z,generation_kw,0,2020-07-17T06:30:00Z
2019-03-14T07:00:00Z,generation_kw,2,2020-07-17T07:00:00Z
2019-03-14T07:30:00Z,generation_kw,25,2020-07-17T07:30:00Z
2019-03-14T08:00:00Z,generation_kw,137,2020-07-17T08:00:00Z
2019-03-14T08:30:00Z,generation_kw,252,2020-07-17T08:30:00Z
2019-03-14T09:00:00Z,generation_kw,342,2020-07-17T09:00:00Z
2019-03-14T09:30:00Z,generation_kw,491,2020-07-17T09:30:00Z
2019-03-14T10:00:00Z,generation_kw,666,2020-07-17T10:00:00Z
2019-03-14T10:30:00Z,generation_kw,801,2020-07-17T10:30:00Z
2019-03-14T11:00:00Z,generation_kw,993,2020-07-17T11:00:00Z
2019-03-14T11:30:00Z,generation_kw,1157,2020-07-17T11:30:00Z
2019-03-14T12:00:00Z,generation_kw,1275,2020-07-17T12:00:00Z
2019-03-14T12:30:00Z,generation_kw,1362,2020-07-17T12:30:00Z
2019-03-14T13:00:00Z,generation_kw,1339,2020-07-17T13:00:00Z
2019-03-14T13:30:00Z,generation_kw,1238,2020-07-17T13:30:00Z
2019-03-14T14:00:00Z,generation_kw,1217,2020-07-17T14:00:00Z
2019-03-14T14:30:00Z,generation_kw,1068,2020-07-17T14:30:00Z
2019-03-14T15:00:00Z,generation_kw,907,2020-07-17T15:00:00Z
2019-03-14T15:30:00Z,generation_kw,767,2020-07-17T15:30:00Z
2019-03-14T16:00:00Z,generation_kw,538,2020-07-17T16:00:00Z
2019-03-14T16:30:00Z,generation_kw,389,2020-07-17T16:30:00Z
2019-03-14T17:00:00Z,generation_kw,237,2020-07-17T17:00:00Z
2019-03-14T17:30:00Z,generation_kw,81,2020-07-17T17:30:00Z
2019-03-14T18:00:00Z,generation_kw,10,2020-07-17T18:00:00Z
2019-03-14T18:30:00Z,generation_kw,0,2020-07-17T18:30:00Z
2019-03-14T19:00:00Z,generation_kw,0,2020-07-17T19:00:00Z
2019-03-14T19:30:00Z,generation_kw,0,2020-07-17T19:30:00Z
2019-03-14T20:00:00Z,generation_kw,0,2020-07-17T20:00:00Z
2019-03-14T20:30:00Z,generation_kw,0,2020-07-17T20:30:00Z
2019-03-14T21:00:00Z,generation_kw,0,2020-07-17T21:00:00Z
2019-03-14T21:30:00Z,generation_kw,0,2020-07-17T21:30:00Z
2019-03-14T22:00:00Z,generation_kw,0,2020-07-17T22:00:00Z
2019-03-14T22:30:00Z,generation_kw,0,2020-07-17T22:30:00Z
2019-03-14T23:00:00Z,generation_kw,0,2020-07-17T23:00:00Z
2019-03-14T23:30:00Z,generation_kw,0,2020-07-17T23:30:00Z
2019-03-15T00:00:00Z,generation_kw,0,2020-07-18T00:00:00Z
2019-03-15T00:30:00Z,generation_kw,0,2020-07-18T00:30:00Z
2019-03-15T01:00:00Z,generation_kw,0,2020-07-18T01:00:00Z
2019-03-15T01:30:00Z,generation_kw,0,2020-07-18T01:30:00Z
2019-03-15T02:00:00Z,generation_kw,0,2020-07-18T02:00:00Z
2019-03-15T02:30:00Z,generation_kw,0,2020-07-18T02:30:00Z
2019-03-15T03:00:00Z,generation_kw,0,2020-07-18T03:00:00Z
2019-03-15T03:30:00Z,generation_kw,0,2020-07-18T03:30:00Z
2019-03-15T04:00:00Z,generation_kw,0,2020-07-18T04:00:00Z
2019-03-15T04:30:00Z,generation_kw,0,2020-07-18T04:30:00Z
2019-03-15T05:00:00Z,generation_kw,0,2020-07-18T05:00:00Z
2019-03-15T05:30:00Z,generation_kw,0,2020-07-18T05:30:00Z
2019-03-15T06:00:00Z,generation_kw,0,2020-07-18T06:00:00Z
2019-03-15T06:30:00Z,generation_kw,0,2020-07-18T06:30:00Z
2019-03-15T07:00:00Z,generation_kw,5,2020-07-18T07:00:00Z
2019-03-15T07:30:00Z,generation_kw,54,2020-07-18T07:30:00Z
2019-03-15T08:00:00Z,generation_kw,128,2020-07-18T08:00:00Z
2019-03-15T08:30:00Z,generation_kw,213,2020-07-18T08:30:00Z
2019-03-15T09:00:00Z,generation_kw,316,2020-07-18T09:00:00Z
2019-03-15T09:30:00Z,generation_kw,433,2020-07-18T09:30:00Z
2019-03-15T10:00:00Z,generation_kw,527,2020-07-18T10:00:00Z
2019-03-15T10:30:00Z,generation_kw,572,2020-07-18T10:30:00Z
2019-03-15T11:00:00Z,generation_kw,698,2020-07-18T11:00:00Z
2019-03-15T11:30:00Z,generation_kw,792,2020-07-18T11:30:00Z
2019-03-15T12:00:00Z,generation_kw,707,2020-07-18T12:00:00Z
2019-03-15T12:30:00Z,generation_kw,813,2020-07-18T12:30:00Z
2019-03-15T13:00:00Z,generation_kw,767,2020-07-18T13:00:00Z
2019-03-15T13:30:00Z,generation_kw,715,2020-07-18T13:30:00Z
2019-03-15T14:00:00Z,generation_kw,713,2020-07-18T14:00:00Z
2019-03-15T14:30:00Z,generation_kw,670,2020-07-18T14:30:00Z
2019-03-15T15:00:00Z,generation_kw,576,2020-07-18T15:00:00Z
2019-03-15T15:30:00Z,generation_kw,515,2020-07-18T15:30:00Z
2019-03-15T16:00:00Z,generation_kw,384,2020-07-18T16:00:00Z
2019-03-15T16:30:00Z,generation_kw,269,2020-07-18T16:30:00Z
2019-03-15T17:00:00Z,generation_kw,165,2020-07-18T17:00:00Z
2019-03-15T17:30:00Z,generation_kw,71,2020-07-18T17:30:00Z
2019-03-15T18:00:00Z,generation_kw,13,2020-07-18T18:00:00Z
2019-03-15T18:30:00Z,generation_kw,0,2020-07-18T18:30:00Z
2019-03-15T19:00:00Z,generation_kw,0,2020-07-18T19:00:00Z
2019-03-15T19:30:00Z,generation_kw,0,2020-07-18T19:30:00Z
2019-03-15T20:00:00Z,generation_kw,0,2020-07-18T20:00:00Z
2019-03-15T20:30:00Z,generation_kw,0,2020-07-18T20:30:00Z
2019-03-15T21:00:00Z,generation_kw,0,2020-07-18T21:00:00Z
2019-03-15T21:30:00Z,generation_kw,0,2020-07-18T21:30:00Z
2019-03-15T22:00:00Z,generation_kw,0,2020-07-18T22:00:00Z
2019-03-15T22:30:00Z,generation_kw,0,2020-07-18T22:30:00Z
2019-03-15T23:00:00Z,generation_kw,0,2020-07-18T23:00:00Z
2019-03-15T23:30:00Z,generation_kw,0,2020-07-18T23:30:00Z
2019-03-16T00:00:00Z,generation_kw,0,2020-07-19T00:00:00Z
2019-03-16T00:30:00Z,generation_kw,0,2020-07-19T00:30:00Z
2019-03-16T01:00:00Z,generation_kw,0,2020-07-19T01:00:00Z
2019-03-16T01:30:00Z,generation_kw,0,2020-07-19T01:30:00Z
2019-03-16T02:00:00Z,generation_kw,0,2020-07-19T02:00:00Z
2019-03-16T02:30:00Z,generation_kw,0,2020-07-19T02:30:00Z
2019-03-16T03:00:00Z,generation_kw,0,2020-07-19T03:00:00Z
2019-03-16T03:30:00Z,generation_kw,0,2020-07-19T03:30:00Z
2019-03-16T04:00:00Z,generation_kw,0,2020-07-19T04:00:00Z
2019-03-16T04:30:00Z,generation_kw,0,2020-07-19T04:30:00Z
2019-03-16T05:00:00Z,generation_kw,0,2020-07-19T05:00:00Z
2019-03-16T05:30:00Z,generation_kw,0,2020-07-19T05:30:00Z
2019-03-16T06:00:00Z,generation_kw,0,2020-07-19T06:00:00Z
2019-03-16T06:30:00Z,generation_kw,0,2020-07-19T06:30:00Z
2019-03-16T07:00:00Z,generation_kw,3,2020-07-19T07:00:00Z
2019-03-16T07:30:00Z,generation_kw,20,2020-07-19T07:30:00Z
2019-03-16T08:00:00Z,generation_kw,64,2020-07-19T08:00:00Z
2019-03-16T08:30:00Z,generation_kw,111,2020-07-19T08:30:00Z
2019-03-16T09:00:00Z,generation_kw,141,2020-07-19T09:00:00Z
2019-03-16T09:30:00Z,generation_kw,177,2020-07-19T09:30:00Z
2019-03-16T10:00:00Z,generation_kw,209,2020-07-19T10:00:00Z
2019-03-16T10:30:00Z,generation_kw,267,2020-07-19T10:30:00Z
2019-03-16T11:00:00Z,generation_kw,314,2020-07-19T11:00:00Z
2019-03-16T11:30:00Z,generation_kw,382,2020-07-19T11:30:00Z
2019-03-16T12:00:00Z,generation_kw,436,2020-07-19T12:00:00Z
2019-03-16T12:30:00Z,generation_kw,436,2020-07-19T12:30:00Z
2019-03-16T13:00:00Z,generation_kw,359,2020-07-19T13:00:00Z
2019-03-16T13:30:00Z,generation_kw,331,2020-07-19T13:30:00Z
2019-03-16T14:00:00Z,generation_kw,316,2020-07-19T14:00:00Z
2019-03-16T14:30:00Z,generation_kw,271,2020-07-19T14:30:00Z
2019-03-16T15:00:00Z,generation_kw,204,2020-07-19T15:00:00Z
2019-03-16T15:30:00Z,generation_kw,173,2020-07-19T15:30:00Z
2019-03-16T16:00:00Z,generation_kw,115,2020-07-19T16:00:00Z
2019-03-16T16:30:00Z,generation_kw,83,2020-07-19T16:30:00Z
2019-03-16T17:00:00Z,generation_kw,50,2020-07-19T17:00:00Z
2019-03-16T17:30:00Z,generation_kw,19,2020-07-19T17:30:00Z
2019-03-16T18:00:00Z,generation_kw,2,2020-07-19T18:00:00Z
2019-03-16T18:30:00Z,generation_kw,0,2020-07-19T18:30:00Z
2019-03-16T19:00:00Z,generation_kw,0,2020-07-19T19:00:00Z
2019-03-16T19:30:00Z,generation_kw,0,2020-07-19T19:30:00Z
2019-03-16T20:00:00Z,generation_kw,0,2020-07-19T20:00:00Z
2019-03-16T20:30:00Z,generation_kw,0,2020-07-19T20:30:00Z
2019-03-16T21:00:00Z,generation_kw,0,2020-07-19T21:00:00Z
2019-03-16T21:30:00Z,generation_kw,0,2020-07-19T21:30:00Z
2019-03-16T22:00:00Z,generation_kw,0,2020-07-19T22:00:00Z
2019-03-16T22:30:00Z,generation_kw,0,2020-07-19T22:30:00Z
2019-03-16T23:00:00Z,generation_kw,0,2020-07-19T23:00:00Z
2019-03-16T23:30:00Z,generation_kw,0,2020-07-19T23:30:00Z
2019-03-17T00:00:00Z,generation_kw,0,2020-07-20T00:00:00Z
2019-03-17T00:30:00Z,generation_kw,0,2020-07-20T00:30:00Z
2019-03-17T01:00:00Z,generation_kw,0,2020-07-20T01:00:00Z
2019-03-17T01:30:00Z,generation_kw,0,2020-07-20T01:30:00Z
2019-03-17T02:00:00Z,generation_kw,0,2020-07-20T02:00:00Z
2019-03-17T02:30:00Z,generation_kw,0,2020-07-20T02:30:00Z
2019-03-17T03:00:00Z,generation_kw,0,2020-07-20T03:00:00Z
2019-03-17T03:30:00Z,generation_kw,0,2020-07-20T03:30:00Z
2019-03-17T04:00:00Z,generation_kw,0,2020-07-20T04:00:00Z
2019-03-17T04:30:00Z,generation_kw,0,2020-07-20T04:30:00Z
2019-03-17T05:00:00Z,generation_kw,0,2020-07-20T05:00:00Z
2019-03-17T05:30:00Z,generation_kw,0,2020-07-20T05:30:00Z
2019-03-17T06:00:00Z,generation_kw,0,2020-07-20T06:00:00Z
2019-03-17T06:30:00Z,generation_kw,2,2020-07-20T06:30:00Z
2019-03-17T07:00:00Z,generation_kw,75,2020-07-20T07:00:00Z
2019-03-17T07:30:00Z,generation_kw,263,2020-07-20T07:30:00Z
2019-03-17T08:00:00Z,generation_kw,487,2020-07-20T08:00:00Z
2019-03-17T08:30:00Z,generation_kw,692,2020-07-20T08:30:00Z
2019-03-17T09:00:00Z,generation_kw,892,2020-07-20T09:00:00Z
2019-03-17T09:30:00Z,generation_kw,989,2020-07-20T09:30:00Z
2019-03-17T10:00:00Z,generation_kw,1127,2020-07-20T10:00:00Z
2019-03-17T10:30:00Z,generation_kw,1249,2020-07-20T10:30:00Z
2019-03-17T11:00:00Z,generation_kw,1292,2020-07-20T11:00:00Z
2019-03-17T11:30:00Z,generation_kw,1298,2020-07-20T11:30:00Z
2019-03-17T12:00:00Z,generation_kw,1362,2020-07-20T12:00:00Z
2019-03-17T12:30:00Z,generation_kw,1349,2020-07-20T12:30:00Z
2019-03-17T13:00:00Z,generation_kw,1302,2020-07-20T13:00:00Z
2019-03-17T13:30:00Z,generation_kw,1200,2020-07-20T13:30:00Z
2019-03-17T14:00:00Z,generation_kw,1108,2020-07-20T14:00:00Z
2019-03-17T14:30:00Z,generation_kw,935,2020-07-20T14:30:00Z
2019-03-17T15:00:00Z,generation_kw,788,2020-07-20T15:00:00Z
2019-03-17T15:30:00Z,generation_kw,741,2020-07-20T15:30:00Z
2019-03-17T16:00:00Z,generation_kw,559,2020-07-20T16:00:00Z
2019-03-17T16:30:00Z,generation_kw,444,2020-07-20T16:30:00Z
2019-03-17T17:00:00Z,generation_kw,303,2020-07-20T17:00:00Z
2019-03-17T17:30:00Z,generation_kw,169,2020-07-20T17:30:00Z
2019-03-17T18:00:00Z,generation_kw,41,2020-07-20T18:00:00Z
2019-03-17T18:30:00Z,generation_kw,1,2020-07-20T18:30:00Z
2019-03-17T19:00:00Z,generation_kw,0,2020-07-20T19:00:00Z
2019-03-17T19:30:00Z,generation_kw,0,2020-07-20T19:30:00Z
2019-03-17T20:00:00Z,generation_kw,0,2020-07-20T20:00:00Z
2019-03-17T20:30:00Z,generation_kw,0,2020-07-20T20:30:00Z
2019-03-17T21:00:00Z,generation_kw,0,2020-07-20T21:00:00Z
2019-03-17T21:30:00Z,generation_kw,0,2020-07-20T21:30:00Z
2019-03-17T22:00:00Z,generation_kw,0,2020-07-20T22:00:00Z
2019-03-17T22:30:00Z,generation_kw,0,2020-07-20T22:30:00Z
2019-03-17T23:00:00Z,generation_kw,0,2020-07-20T23:00:00Z
2019-03-17T23:30:00Z,generation_kw,0,2020-07-20T23:30:00Z
2019-03-18T00:00:00Z,generation_kw,0,2020-07-21T00:00:00Z
2019-03-18T00:30:00Z,generation_kw,0,2020-07-21T00:30:00Z
2019-03-18T01:00:00Z,generation_kw,0,2020-07-21T01:00:00Z
2019-03-18T01:30:00Z,generation_kw,0,2020-07-21T01:30:00Z
2019-03-18T02:00:00Z,generation_kw,0,2020-07-21T02:00:00Z
2019-03-18T02:30:00Z,generation_kw,0,2020-07-21T02:30:00Z
2019-03-18T03:00:00Z,generation_kw,0,2020-07-21T03:00:00Z
2019-03-18T03:30:00Z,generation_kw,0,2020-07-21T03:30:00Z
2019-03-18T04:00:00Z,generation_kw,0,2020-07-21T04:00:00Z
2019-03-18T04:30:00Z,generation_kw,0,2020-07-21T04:30:00Z
2019-03-18T05:00:00Z,generation_kw,0,2020-07-21T05:00:00Z
2019-03-18T05:30:00Z,generation_kw,0,2020-07-21T05:30:00Z
2019-03-18T06:00:00Z,generation_kw,0,2020-07-21T06:00:00Z
2019-03-18T06:30:00Z,generation_kw,3,2020-07-21T06:30:00Z
2019-03-18T07:00:00Z,generation_kw,44,2020-07-21T07:00:00Z
2019-03-18T07:30:00Z,generation_kw,149,2020-07-21T07:30:00Z
2019-03-18T08:00:00Z,generation_kw,312,2020-07-21T08:00:00Z
2019-03-18T08:30:00Z,generation_kw,465,2020-07-21T08:30:00Z
2019-03-18T09:00:00Z,generation_kw,653,2020-07-21T09:00:00Z
2019-03-18T09:30:00Z,generation_kw,781,2020-07-21T09:30:00Z
2019-03-18T10:00:00Z,generation_kw,807,2020-07-21T10:00:00Z
2019-03-18T10:30:00Z,generation_kw,873,2020-07-21T10:30:00Z
2019-03-18T11:00:00Z,generation_kw,959,2020-07-21T11:00:00Z
2019-03-18T11:30:00Z,generation_kw,890,2020-07-21T11:30:00Z
2019-03-18T12:00:00Z,generation_kw,927,2020-07-21T12:00:00Z
2019-03-18T12:30:00Z,generation_kw,884,2020-07-21T12:30:00Z
2019-03-18T13:00:00Z,generation_kw,777,2020-07-21T13:00:00Z
2019-03-18T13:30:00Z,generation_kw,732,2020-07-21T13:30:00Z
2019-03-18T14:00:00Z,generation_kw,688,2020-07-21T14:00:00Z
2019-03-18T14:30:00Z,generation_kw,594,2020-07-21T14:30:00Z
2019-03-18T15:00:00Z,generation_kw,536,2020-07-21T15:00:00Z
2019-03-18T15:30:00Z,generation_kw,480,2020-07-21T15:30:00Z
2019-03-18T16:00:00Z,generation_kw,365,2020-07-21T16:00:00Z
2019-03-18T16:30:00Z,generation_kw,303,2020-07-21T16:30:00Z
2019-03-18T17:00:00Z,generation_kw,197,2020-07-21T17:00:00Z
2019-03-18T17:30:00Z,generation_kw,103,2020-07-21T17:30:00Z
2019-03-18T18:00:00Z,generation_kw,23,2020-07-21T18:00:00Z
2019-03-18T18:30:00Z,generation_kw,0,2020-07-21T18:30:00Z
2019-03-18T19:00:00Z,generation_kw,0,2020-07-21T19:00:00Z
2019-03-18T19:30:00Z,generation_kw,0,2020-07-21T19:30:00Z
2019-03-18T20:00:00Z,generation_kw,0,2020-07-21T20:00:00Z
2019-03-18T20:30:00Z,generation_kw,0,2020-07-21T20:30:00Z
2019-03-18T21:00:00Z,generation_kw,0,2020-07-21T21:00:00Z
2019-03-18T21:30:00Z,generation_kw,0,2020-07-21T21:30:00Z
2019-03-18T22:00:00Z,generation_kw,0,2020-07-21T22:00:00Z
2019-03-18T22:30:00Z,generation_kw,0,2020-07-21T22:30:00Z
2019-03-18T23:00:00Z,generation_kw,0,2020-07-21T23:00:00Z
2019-03-18T23:30:00Z,generation_kw,0,2020-07-21T23:30:00Z
2019-03-19T00:00:00Z,generation_kw,0,2020-07-22T00:00:00Z
2019-03-19T00:30:00Z,generation_kw,0,2020-07-22T00:30:00Z
2019-03-19T01:00:00Z,generation_kw,0,2020-07-22T01:00:00Z
2019-03-19T01:30:00Z,generation_kw,0,2020-07-22T01:30:00Z
2019-03-19T02:00:00Z,generation_kw,0,2020-07-22T02:00:00Z
2019-03-19T02:30:00Z,generation_kw,0,2020-07-22T02:30:00Z
2019-03-19T03:00:00Z,generation_kw,0,2020-07-22T03:00:00Z
2019-03-19T03:30:00Z,generation_kw,0,2020-07-22T03:30:00Z
2019-03-19T04:00:00Z,generation_kw,0,2020-07-22T04:00:00Z
2019-03-19T04:30:00Z,generation_kw,0,2020-07-22T04:30:00Z
2019-03-19T05:00:00Z,generation_kw,0,2020-07-22T05:00:00Z
2019-03-19T05:30:00Z,generation_kw,0,2020-07-22T05:30:00Z
2019-03-19T06:00:00Z,generation_kw,0,2020-07-22T06:00:00Z
2019-03-19T06:30:00Z,generation_kw,2,2020-07-22T06:30:00Z
2019-03-19T07:00:00Z,generation_kw,33,2020-07-22T07:00:00Z
2019-03-19T07:30:00Z,generation_kw,115,2020-07-22T07:30:00Z
2019-03-19T08:00:00Z,generation_kw,178,2020-07-22T08:00:00Z
2019-03-19T08:30:00Z,generation_kw,299,2020-07-22T08:30:00Z
2019-03-19T09:00:00Z,generation_kw,461,2020-07-22T09:00:00Z
2019-03-19T09:30:00Z,generation_kw,641,2020-07-22T09:30:00Z
2019-03-19T10:00:00Z,generation_kw,717,2020-07-22T10:00:00Z
2019-03-19T10:30:00Z,generation_kw,705,2020-07-22T10:30:00Z
2019-03-19T11:00:00Z,generation_kw,784,2020-07-22T11:00:00Z
2019-03-19T11:30:00Z,generation_kw,792,2020-07-22T11:30:00Z
2019-03-19T12:00:00Z,generation_kw,903,2020-07-22T12:00:00Z
2019-03-19T12:30:00Z,generation_kw,781,2020-07-22T12:30:00Z
2019-03-19T13:00:00Z,generation_kw,737,2020-07-22T13:00:00Z
2019-03-19T13:30:00Z,generation_kw,630,2020-07-22T13:30:00Z
2019-03-19T14:00:00Z,generation_kw,576,2020-07-22T14:00:00Z
2019-03-19T14:30:00Z,generation_kw,497,2020-07-22T14:30:00Z
2019-03-19T15:00:00Z,generation_kw,474,2020-07-22T15:00:00Z
2019-03-19T15:30:00Z,generation_kw,395,2020-07-22T15:30:00Z
2019-03-19T16:00:00Z,generation_kw,337,2020-07-22T16:00:00Z
2019-03-19T16:30:00Z,generation_kw,260,2020-07-22T16:30:00Z
2019-03-19T17:00:00Z,generation_kw,147,2020-07-22T17:00:00Z
2019-03-19T17:30:00Z,generation_kw,63,2020-07-22T17:30:00Z
2019-03-19T18:00:00Z,generation_kw,17,2020-07-22T18:00:00Z
2019-03-19T18:30:00Z,generation_kw,0,2020-07-22T18:30:00Z
2019-03-19T19:00:00Z,generation_kw,0,2020-07-22T19:00:00Z
2019-03-19T19:30:00Z,generation_kw,0,2020-07-22T19:30:00Z
2019-03-19T20:00:00Z,generation_kw,0,2020-07-22T20:00:00Z
2019-03-19T20:30:00Z,generation_kw,0,2020-07-22T20:30:00Z
2019-03-19T21:00:00Z,generation_kw,0,2020-07-22T21:00:00Z
2019-03-19T21:30:00Z,generation_kw,0,2020-07-22T21:30:00Z
2019-03-19T22:00:00Z,generation_kw,0,2020-07-22T22:00:00Z
2019-03-19T22:30:00Z,generation_kw,0,2020-07-22T22:30:00Z
2019-03-19T23:00:00Z,generation_kw,0,2020-07-22T23:00:00Z
2019-03-19T23:30:00Z,generation_kw,0,2020-07-22T23:30:00Z
2019-03-20T00:00:00Z,generation_kw,0,2020-07-23T00:00:00Z
2019-03-20T00:30:00Z,generation_kw,0,2020-07-23T00:30:00Z
2019-03-20T01:00:00Z,generation_kw,0,2020-07-23T01:00:00Z
2019-03-20T01:30:00Z,generation_kw,0,2020-07-23T01:30:00Z
2019-03-20T02:00:00Z,generation_kw,0,2020-07-23T02:00:00Z
2019-03-20T02:30:00Z,generation_kw,0,2020-07-23T02:30:00Z
2019-03-20T03:00:00Z,generation_kw,0,2020-07-23T03:00:00Z
2019-03-20T03:30:00Z,generation_kw,0,2020-07-23T03:30:00Z
2019-03-20T04:00:00Z,generation_kw,0,2020-07-23T04:00:00Z
2019-03-20T04:30:00Z,generation_kw,0,2020-07-23T04:30:00Z
2019-03-20T05:00:00Z,generation_kw,0,2020-07-23T05:00:00Z
2019-03-20T05:30:00Z,generation_kw,0,2020-07-23T05:30:00Z
2019-03-20T06:00:00Z,generation_kw,0,2020-07-23T06:00:00Z
2019-03-20T06:30:00Z,generation_kw,1,2020-07-23T06:30:00Z
2019-03-20T07:00:00Z,generation_kw,18,2020-07-23T07:00:00Z
2019-03-20T07:30:00Z,generation_kw,70,2020-07-23T07:30:00Z
2019-03-20T08:00:00Z,generation_kw,145,2020-07-23T08:00:00Z
2019-03-20T08:30:00Z,generation_kw,235,2020-07-23T08:30:00Z
2019-03-20T09:00:00Z,generation_kw,333,2020-07-23T09:00:00Z
2019-03-20T09:30:00Z,generation_kw,457,2020-07-23T09:30:00Z
2019-03-20T10:00:00Z,generation_kw,619,2020-07-23T10:00:00Z
2019-03-20T10:30:00Z,generation_kw,767,2020-07-23T10:30:00Z
2019-03-20T11:00:00Z,generation_kw,790,2020-07-23T11:00:00Z
2019-03-20T11:30:00Z,generation_kw,813,2020-07-23T11:30:00Z
2019-03-20T12:00:00Z,generation_kw,826,2020-07-23T12:00:00Z
2019-03-20T12:30:00Z,generation_kw,890,2020-07-23T12:30:00Z
2019-03-20T13:00:00Z,generation_kw,927,2020-07-23T13:00:00Z
2019-03-20T13:30:00Z,generation_kw,858,2020-07-23T13:30:00Z
2019-03-20T14:00:00Z,generation_kw,760,2020-07-23T14:00:00Z
2019-03-20T14:30:00Z,generation_kw,741,2020-07-23T14:30:00Z
2019-03-20T15:00:00Z,generation_kw,664,2020-07-23T15:00:00Z
2019-03-20T15:30:00Z,generation_kw,583,2020-07-23T15:30:00Z
2019-03-20T16:00:00Z,generation_kw,470,2020-07-23T16:00:00Z
2019-03-20T16:30:00Z,generation_kw,325,2020-07-23T16:30:00Z
2019-03-20T17:00:00Z,generation_kw,220,2020-07-23T17:00:00Z
2019-03-20T17:30:00Z,generation_kw,119,2020-07-23T17:30:00Z
2019-03-20T18:00:00Z,generation_kw,40,2020-07-23T18:00:00Z
2019-03-20T18:30:00Z,generation_kw,2,2020-07-23T18:30:00Z
2019-03-20T19:00:00Z,generation_kw,0,2020-07-23T19:00:00Z
2019-03-20T19:30:00Z,generation_kw,0,2020-07-23T19:30:00Z
2019-03-20T20:00:00Z,generation_kw,0,2020-07-23T20:00:00Z
2019-03-20T20:30:00Z,generation_kw,0,2020-07-23T20:30:00Z
2019-03-20T21:00:00Z,generation_kw,0,2020-07-23T21:00:00Z
2019-03-20T21:30:00Z,generation_kw,0,2020-07-23T21:30:00Z
2019-03-20T22:00:00Z,generation_kw,0,2020-07-23T22:00:00Z
2019-03-20T22:30:00Z,generation_kw,0,2020-07-23T22:30:00Z
2019-03-20T23:00:00Z,generation_kw,0,2020-07-23T23:00:00Z
2019-03-20T23:30:00Z,generation_kw,0,2020-07-23T23:30:00Z
2019-03-21T00:00:00Z,generation_kw,0,2020-07-24T00:00:00Z
2019-03-21T00:30:00Z,generation_kw,0,2020-07-24T00:30:00Z
2019-03-21T01:00:00Z,generation_kw,0,2020-07-24T01:00:00Z
2019-03-21T01:30:00Z,generation_kw,0,2020-07-24T01:30:00Z
2019-03-21T02:00:00Z,generation_kw,0,2020-07-24T02:00:00Z
2019-03-21T02:30:00Z,generation_kw,0,2020-07-24T02:30:00Z
2019-03-21T03:00:00Z,generation_kw,0,2020-07-24T03:00:00Z
2019-03-21T03:30:00Z,generation_kw,0,2020-07-24T03:30:00Z
2019-03-21T04:00:00Z,generation_kw,0,2020-07-24T04:00:00Z
2019-03-21T04:30:00Z,generation_kw,0,2020-07-24T04:30:00Z
2019-03-21T05:00:00Z,generation_kw,0,2020-07-24T05:00:00Z
2019-03-21T05:30:00Z,generation_kw,0,2020-07-24T05:30:00Z
2019-03-21T06:00:00Z,generation_kw,0,2020-07-24T06:00:00Z
2019-03-21T06:30:00Z,generation_kw,4,2020-07-24T06:30:00Z
2019-03-21T07:00:00Z,generation_kw,40,2020-07-24T07:00:00Z
2019-03-21T07:30:00Z,generation_kw,119,2020-07-24T07:30:00Z
2019-03-21T08:00:00Z,generation_kw,214,2020-07-24T08:00:00Z
2019-03-21T08:30:00Z,generation_kw,320,2020-07-24T08:30:00Z
2019-03-21T09:00:00Z,generation_kw,429,2020-07-24T09:00:00Z
2019-03-21T09:30:00Z,generation_kw,532,2020-07-24T09:30:00Z
2019-03-21T10:00:00Z,generation_kw,602,2020-07-24T10:00:00Z
2019-03-21T10:30:00Z,generation_kw,690,2020-07-24T10:30:00Z
2019-03-21T11:00:00Z,generation_kw,690,2020-07-24T11:00:00Z
2019-03-21T11:30:00Z,generation_kw,673,2020-07-24T11:30:00Z
2019-03-21T12:00:00Z,generation_kw,645,2020-07-24T12:00:00Z
2019-03-21T12:30:00Z,generation_kw,675,2020-07-24T12:30:00Z
2019-03-21T13:00:00Z,generation_kw,655,2020-07-24T13:00:00Z
2019-03-21T13:30:00Z,generation_kw,604,2020-07-24T13:30:00Z
2019-03-21T14:00:00Z,generation_kw,512,2020-07-24T14:00:00Z
2019-03-21T14:30:00Z,generation_kw,470,2020-07-24T14:30:00Z
2019-03-21T15:00:00Z,generation_kw,421,2020-07-24T15:00:00Z
2019-03-21T15:30:00Z,generation_kw,393,2020-07-24T15:30:00Z
2019-03-21T16:00:00Z,generation_kw,325,2020-07-24T16:00:00Z
2019-03-21T16:30:00Z,generation_kw,224,2020-07-24T16:30:00Z
2019-03-21T17:00:00Z,generation_kw,132,2020-07-24T17:00:00Z
2019-03-21T17:30:00Z,generation_kw,58,2020-07-24T17:30:00Z
2019-03-21T18:00:00Z,generation_kw,14,2020-07-24T18:00:00Z
2019-03-21T18:30:00Z,generation_kw,0,2020-07-24T18:30:00Z
2019-03-21T19:00:00Z,generation_kw,0,2020-07-24T19:00:00Z
2019-03-21T19:30:00Z,generation_kw,0,2020-07-24T19:30:00Z
2019-03-21T20:00:00Z,generation_kw,0,2020-07-24T20:00:00Z
2019-03-21T20:30:00Z,generation_kw,0,2020-07-24T20:30:00Z
2019-03-21T21:00:00Z,generation_kw,0,2020-07-24T21:00:00Z
2019-03-21T21:30:00Z,generation_kw,0,2020-07-24T21:30:00Z
2019-03-21T22:00:00Z,generation_kw,0,2020-07-24T22:00:00Z
2019-03-21T22:30:00Z,generation_kw,0,2020-07-24T22:30:00Z
2019-03-21T23:00:00Z,generation_kw,0,2020-07-24T23:00:00Z
2019-03-21T23:30:00Z,generation_kw,0,2020-07-24T23:30:00Z
2019-03-22T00:00:00Z,generation_kw,0,2020-07-25T00:00:00Z
2019-03-22T00:30:00Z,generation_kw,0,2020-07-25T00:30:00Z
2019-03-22T01:00:00Z,generation_kw,0,2020-07-25T01:00:00Z
2019-03-22T01:30:00Z,generation_kw,0,2020-07-25T01:30:00Z
2019-03-22T02:00:00Z,generation_kw,0,2020-07-25T02:00:00Z
2019-03-22T02:30:00Z,generation_kw,0,2020-07-25T02:30:00Z
2019-03-22T03:00:00Z,generation_kw,0,2020-07-25T03:00:00Z
2019-03-22T03:30:00Z,generation_kw,0,2020-07-25T03:30:00Z
2019-03-22T04:00:00Z,generation_kw,0,2020-07-25T04:00:00Z
2019-03-22T04:30:00Z,generation_kw,0,2020-07-25T04:30:00Z
2019-03-22T05:00:00Z,generation_kw,0,2020-07-25T05:00:00Z
2019-03-22T05:30:00Z,generation_kw,0,2020-07-25T05:30:00Z
2019-03-22T06:00:00Z,generation_kw,0,2020-07-25T06:00:00Z
2019-03-22T06:30:00Z,generation_kw,0,2020-07-25T06:30:00Z
2019-03-22T07:00:00Z,generation_kw,9,2020-07-25T07:00:00Z
2019-03-22T07:30:00Z,generation_kw,40,2020-07-25T07:30:00Z
2019-03-22T08:00:00Z,generation_kw,91,2020-07-25T08:00:00Z
2019-03-22T08:30:00Z,generation_kw,136,2020-07-25T08:30:00Z
2019-03-22T09:00:00Z,generation_kw,186,2020-07-25T09:00:00Z
2019-03-22T09:30:00Z,generation_kw,231,2020-07-25T09:30:00Z
2019-03-22T10:00:00Z,generation_kw,275,2020-07-25T10:00:00Z
2019-03-22T10:30:00Z,generation_kw,322,2020-07-25T10:30:00Z
2019-03-22T11:00:00Z,generation_kw,414,2020-07-25T11:00:00Z
2019-03-22T11:30:00Z,generation_kw,478,2020-07-25T11:30:00Z
2019-03-22T12:00:00Z,generation_kw,470,2020-07-25T12:00:00Z
2019-03-22T12:30:00Z,generation_kw,495,2020-07-25T12:30:00Z
2019-03-22T13:00:00Z,generation_kw,455,2020-07-25T13:00:00Z
2019-03-22T13:30:00Z,generation_kw,465,2020-07-25T13:30:00Z
2019-03-22T14:00:00Z,generation_kw,425,2020-07-25T14:00:00Z
2019-03-22T14:30:00Z,generation_kw,425,2020-07-25T14:30:00Z
2019-03-22T15:00:00Z,generation_kw,365,2020-07-25T15:00:00Z
2019-03-22T15:30:00Z,generation_kw,284,2020-07-25T15:30:00Z
2019-03-22T16:00:00Z,generation_kw,211,2020-07-25T16:00:00Z
2019-03-22T16:30:00Z,generation_kw,147,2020-07-25T16:30:00Z
2019-03-22T17:00:00Z,generation_kw,97,2020-07-25T17:00:00Z
2019-03-22T17:30:00Z,generation_kw,44,2020-07-25T17:30:00Z
2019-03-22T18:00:00Z,generation_kw,10,2020-07-25T18:00:00Z
2019-03-22T18:30:00Z,generation_kw,1,2020-07-25T18:30:00Z
2019-03-22T19:00:00Z,generation_kw,0,2020-07-25T19:00:00Z
2019-03-22T19:30:00Z,generation_kw,0,2020-07-25T19:30:00Z
2019-03-22T20:00:00Z,generation_kw,0,2020-07-25T20:00:00Z
2019-03-22T20:30:00Z,generation_kw,0,2020-07-25T20:30:00Z
2019-03-22T21:00:00Z,generation_kw,0,2020-07-25T21:00:00Z
2019-03-22T21:30:00Z,generation_kw,0,2020-07-25T21:30:00Z
2019-03-22T22:00:00Z,generation_kw,0,2020-07-25T22:00:00Z
2019-03-22T22:30:00Z,generation_kw,0,2020-07-25T22:30:00Z
2019-03-22T23:00:00Z,generation_kw,0,2020-07-25T23:00:00Z
2019-03-22T23:30:00Z,generation_kw,0,2020-07-25T23:30:00Z
2019-03-23T00:00:00Z,generation_kw,0,2020-07-26T00:00:00Z
2019-03-23T00:30:00Z,generation_kw,0,2020-07-26T00:30:00Z
2019-03-23T01:00:00Z,generation_kw,0,2020-07-26T01:00:00Z
2019-03-23T01:30:00Z,generation_kw,0,2020-07-26T01:30:00Z
2019-03-23T02:00:00Z,generation_kw,0,2020-07-26T02:00:00Z
2019-03-23T02:30:00Z,generation_kw,0,2020-07-26T02:30:00Z
2019-03-23T03:00:00Z,generation_kw,0,2020-07-26T03:00:00Z
2019-03-23T03:30:00Z,generation_kw,0,2020-07-26T03:30:00Z
2019-03-23T04:00:00Z,generation_kw,0,2020-07-26T04:00:00Z
2019-03-23T04:30:00Z,generation_kw,0,2020-07-26T04:30:00Z
2019-03-23T05:00:00Z,generation_kw,0,2020-07-26T05:00:00Z
2019-03-23T05:30:00Z,generation_kw,0,2020-07-26T05:30:00Z
2019-03-23T06:00:00Z,generation_kw,0,2020-07-26T06:00:00Z
2019-03-23T06:30:00Z,generation_kw,2,2020-07-26T06:30:00Z
2019-03-23T07:00:00Z,generation_kw,44,2020-07-26T07:00:00Z
2019-03-23T07:30:00Z,generation_kw,126,2020-07-26T07:30:00Z
2019-03-23T08:00:00Z,generation_kw,239,2020-07-26T08:00:00Z
2019-03-23T08:30:00Z,generation_kw,399,2020-07-26T08:30:00Z
2019-03-23T09:00:00Z,generation_kw,478,2020-07-26T09:00:00Z
2019-03-23T09:30:00Z,generation_kw,632,2020-07-26T09:30:00Z
2019-03-23T10:00:00Z,generation_kw,841,2020-07-26T10:00:00Z
2019-03-23T10:30:00Z,generation_kw,948,2020-07-26T10:30:00Z
2019-03-23T11:00:00Z,generation_kw,933,2020-07-26T11:00:00Z
2019-03-23T11:30:00Z,generation_kw,991,2020-07-26T11:30:00Z
2019-03-23T12:00:00Z,generation_kw,993,2020-07-26T12:00:00Z
2019-03-23T12:30:00Z,generation_kw,1021,2020-07-26T12:30:00Z
2019-03-23T13:00:00Z,generation_kw,995,2020-07-26T13:00:00Z
2019-03-23T13:30:00Z,generation_kw,982,2020-07-26T13:30:00Z
2019-03-23T14:00:00Z,generation_kw,978,2020-07-26T14:00:00Z
2019-03-23T14:30:00Z,generation_kw,957,2020-07-26T14:30:00Z
2019-03-23T15:00:00Z,generation_kw,835,2020-07-26T15:00:00Z
2019-03-23T15:30:00Z,generation_kw,645,2020-07-26T15:30:00Z
2019-03-23T16:00:00Z,generation_kw,523,2020-07-26T16:00:00Z
2019-03-23T16:30:00Z,generation_kw,395,2020-07-26T16:30:00Z
2019-03-23T17:00:00Z,generation_kw,269,2020-07-26T17:00:00Z
2019-03-23T17:30:00Z,generation_kw,134,2020-07-26T17:30:00Z
2019-03-23T18:00:00Z,generation_kw,43,2020-07-26T18:00:00Z
2019-03-23T18:30:00Z,generation_kw,2,2020-07-26T18:30:00Z
2019-03-23T19:00:00Z,generation_kw,0,2020-07-26T19:00:00Z
2019-03-23T19:30:00Z,generation_kw,0,2020-07-26T19:30:00Z
2019-03-23T20:00:00Z,generation_kw,0,2020-07-26T20:00:00Z
2019-03-23T20:30:00Z,generation_kw,0,2020-07-26T20:30:00Z
2019-03-23T21:00:00Z,generation_kw,0,2020-07-26T21:00:00Z
2019-03-23T21:30:00Z,generation_kw,0,2020-07-26T21:30:00Z
2019-03-23T22:00:00Z,generation_kw,0,2020-07-26T22:00:00Z
2019-03-23T22:30:00Z,generation_kw,0,2020-07-26T22:30:00Z
2019-03-23T23:00:00Z,generation_kw,0,2020-07-26T23:00:00Z
2019-03-23T23:30:00Z,generation_kw,0,2020-07-26T23:30:00Z
2019-03-24T00:00:00Z,generation_kw,0,2020-07-27T00:00:00Z
2019-03-24T00:30:00Z,generation_kw,0,2020-07-27T00:30:00Z
2019-03-24T01:00:00Z,generation_kw,0,2020-07-27T01:00:00Z
2019-03-24T01:30:00Z,generation_kw,0,2020-07-27T01:30:00Z
2019-03-24T02:00:00Z,generation_kw,0,2020-07-27T02:00:00Z
2019-03-24T02:30:00Z,generation_kw,0,2020-07-27T02:30:00Z
2019-03-24T03:00:00Z,generation_kw,0,2020-07-27T03:00:00Z
2019-03-24T03:30:00Z,generation_kw,0,2020-07-27T03:30:00Z
2019-03-24T04:00:00Z,generation_kw,0,2020-07-27T04:00:00Z
2019-03-24T04:30:00Z,generation_kw,0,2020-07-27T04:30:00Z
2019-03-24T05:00:00Z,generation_kw,0,2020-07-27T05:00:00Z
2019-03-24T05:30:00Z,generation_kw,0,2020-07-27T05:30:00Z
2019-03-24T06:00:00Z,generation_kw,0,2020-07-27T06:00:00Z
2019-03-24T06:30:00Z,generation_kw,14,2020-07-27T06:30:00Z
2019-03-24T07:00:00Z,generation_kw,115,2020-07-27T07:00:00Z
2019-03-24T07:30:00Z,generation_kw,290,2020-07-27T07:30:00Z
2019-03-24T08:00:00Z,generation_kw,530,2020-07-27T08:00:00Z
2019-03-24T08:30:00Z,generation_kw,722,2020-07-27T08:30:00Z
2019-03-24T09:00:00Z,generation_kw,967,2020-07-27T09:00:00Z
2019-03-24T09:30:00Z,generation_kw,1176,2020-07-27T09:30:00Z
2019-03-24T10:00:00Z,generation_kw,1379,2020-07-27T10:00:00Z
2019-03-24T10:30:00Z,generation_kw,1520,2020-07-27T10:30:00Z
2019-03-24T11:00:00Z,generation_kw,1621,2020-07-27T11:00:00Z
2019-03-24T11:30:00Z,generation_kw,1708,2020-07-27T11:30:00Z
2019-03-24T12:00:00Z,generation_kw,1759,2020-07-27T12:00:00Z
2019-03-24T12:30:00Z,generation_kw,1734,2020-07-27T12:30:00Z
2019-03-24T13:00:00Z,generation_kw,1700,2020-07-27T13:00:00Z
2019-03-24T13:30:00Z,generation_kw,1691,2020-07-27T13:30:00Z
2019-03-24T14:00:00Z,generation_kw,1586,2020-07-27T14:00:00Z
2019-03-24T14:30:00Z,generation_kw,1394,2020-07-27T14:30:00Z
2019-03-24T15:00:00Z,generation_kw,1204,2020-07-27T15:00:00Z
2019-03-24T15:30:00Z,generation_kw,1046,2020-07-27T15:30:00Z
2019-03-24T16:00:00Z,generation_kw,875,2020-07-27T16:00:00Z
2019-03-24T16:30:00Z,generation_kw,677,2020-07-27T16:30:00Z
2019-03-24T17:00:00Z,generation_kw,463,2020-07-27T17:00:00Z
2019-03-24T17:30:00Z,generation_kw,258,2020-07-27T17:30:00Z
2019-03-24T18:00:00Z,generation_kw,85,2020-07-27T18:00:00Z
2019-03-24T18:30:00Z,generation_kw,8,2020-07-27T18:30:00Z
2019-03-24T19:00:00Z,generation_kw,0,2020-07-27T19:00:00Z
2019-03-24T19:30:00Z,generation_kw,0,2020-07-27T19:30:00Z
2019-03-24T20:00:00Z,generation_kw,0,2020-07-27T20:00:00Z
2019-03-24T20:30:00Z,generation_kw,0,2020-07-27T20:30:00Z
2019-03-24T21:00:00Z,generation_kw,0,2020-07-27T21:00:00Z
2019-03-24T21:30:00Z,generation_kw,0,2020-07-27T21:30:00Z
2019-03-24T22:00:00Z,generation_kw,0,2020-07-27T22:00:00Z
2019-03-24T22:30:00Z,generation_kw,0,2020-07-27T22:30:00Z
2019-03-24T23:00:00Z,generation_kw,0,2020-07-27T23:00:00Z
2019-03-24T23:30:00Z,generation_kw,0,2020-07-27T23:30:00Z
2019-03-25T00:00:00Z,generation_kw,0,2020-07-28T00:00:00Z
2019-03-25T00:30:00Z,generation_kw,0,2020-07-28T00:30:00Z
2019-03-25T01:00:00Z,generation_kw,0,2020-07-28T01:00:00Z
2019-03-25T01:30:00Z,generation_kw,0,2020-07-28T01:30:00Z
2019-03-25T02:00:00Z,generation_kw,0,2020-07-28T02:00:00Z
2019-03-25T02:30:00Z,generation_kw,0,2020-07-28T02:30:00Z
2019-03-25T03:00:00Z,generation_kw,0,2020-07-28T03:00:00Z
2019-03-25T03:30:00Z,generation_kw,0,2020-07-28T03:30:00Z
2019-03-25T04:00:00Z,generation_kw,0,2020-07-28T04:00:00Z
2019-03-25T04:30:00Z,generation_kw,0,2020-07-28T04:30:00Z
2019-03-25T05:00:00Z,generation_kw,0,2020-07-28T05:00:00Z
2019-03-25T05:30:00Z,generation_kw,0,2020-07-28T05:30:00Z
2019-03-25T06:00:00Z,generation_kw,0,2020-07-28T06:00:00Z
2019-03-25T06:30:00Z,generation_kw,31,2020-07-28T06:30:00Z
2019-03-25T07:00:00Z,generation_kw,182,2020-07-28T07:00:00Z
2019-03-25T07:30:00Z,generation_kw,404,2020-07-28T07:30:00Z
2019-03-25T08:00:00Z,generation_kw,632,2020-07-28T08:00:00Z
2019-03-25T08:30:00Z,generation_kw,852,2020-07-28T08:30:00Z
2019-03-25T09:00:00Z,generation_kw,1083,2020-07-28T09:00:00Z
2019-03-25T09:30:00Z,generation_kw,1266,2020-07-28T09:30:00Z
2019-03-25T10:00:00Z,generation_kw,1420,2020-07-28T10:00:00Z
2019-03-25T10:30:00Z,generation_kw,1539,2020-07-28T10:30:00Z
2019-03-25T11:00:00Z,generation_kw,1659,2020-07-28T11:00:00Z
2019-03-25T11:30:00Z,generation_kw,1721,2020-07-28T11:30:00Z
2019-03-25T12:00:00Z,generation_kw,1768,2020-07-28T12:00:00Z
2019-03-25T12:30:00Z,generation_kw,1747,2020-07-28T12:30:00Z
2019-03-25T13:00:00Z,generation_kw,1753,2020-07-28T13:00:00Z
2019-03-25T13:30:00Z,generation_kw,1646,2020-07-28T13:30:00Z
2019-03-25T14:00:00Z,generation_kw,1580,2020-07-28T14:00:00Z
2019-03-25T14:30:00Z,generation_kw,1433,2020-07-28T14:30:00Z
2019-03-25T15:00:00Z,generation_kw,1315,2020-07-28T15:00:00Z
2019-03-25T15:30:00Z,generation_kw,1136,2020-07-28T15:30:00Z
2019-03-25T16:00:00Z,generation_kw,946,2020-07-28T16:00:00Z
2019-03-25T16:30:00Z,generation_kw,726,2020-07-28T16:30:00Z
2019-03-25T17:00:00Z,generation_kw,515,2020-07-28T17:00:00Z
2019-03-25T17:30:00Z,generation_kw,320,2020-07-28T17:30:00Z
2019-03-25T18:00:00Z,generation_kw,125,2020-07-28T18:00:00Z
2019-03-25T18:30:00Z,generation_kw,13,2020-07-28T18:30:00Z
2019-03-25T19:00:00Z,generation_kw,0,2020-07-28T19:00:00Z
2019-03-25T19:30:00Z,generation_kw,0,2020-07-28T19:30:00Z
2019-03-25T20:00:00Z,generation_kw,0,2020-07-28T20:00:00Z
2019-03-25T20:30:00Z,generation_kw,0,2020-07-28T20:30:00Z
2019-03-25T21:00:00Z,generation_kw,0,2020-07-28T21:00:00Z
2019-03-25T21:30:00Z,generation_kw,0,2020-07-28T21:30:00Z
2019-03-25T22:00:00Z,generation_kw,0,2020-07-28T22:00:00Z
2019-03-25T22:30:00Z,generation_kw,0,2020-07-28T22:30:00Z
2019-03-25T23:00:00Z,generation_kw,0,2020-07-28T23:00:00Z
2019-03-25T23:30:00Z,generation_kw,0,2020-07-28T23:30:00Z
2019-03-26T00:00:00Z,generation_kw,0,2020-07-29T00:00:00Z
2019-03-26T00:30:00Z,generation_kw,0,2020-07-29T00:30:00Z
2019-03-26T01:00:00Z,generation_kw,0,2020-07-29T01:00:00Z
2019-03-26T01:30:00Z,generation_kw,0,2020-07-29T01:30:00Z
2019-03-26T02:00:00Z,generation_kw,0,2020-07-29T02:00:00Z
2019-03-26T02:30:00Z,generation_kw,0,2020-07-29T02:30:00Z
2019-03-26T03:00:00Z,generation_kw,0,2020-07-29T03:00:00Z
2019-03-26T03:30:00Z,generation_kw,0,2020-07-29T03:30:00Z
2019-03-26T04:00:00Z,generation_kw,0,2020-07-29T04:00:00Z
2019-03-26T04:30:00Z,generation_kw,0,2020-07-29T04:30:00Z
2019-03-26T05:00:00Z,generation_kw,0,2020-07-29T05:00:00Z
2019-03-26T05:30:00Z,generation_kw,0,2020-07-29T05:30:00Z
2019-03-26T06:00:00Z,generation_kw,0,2020-07-29T06:00:00Z
2019-03-26T06:30:00Z,generation_kw,17,2020-07-29T06:30:00Z
2019-03-26T07:00:00Z,generation_kw,98,2020-07-29T07:00:00Z
2019-03-26T07:30:00Z,generation_kw,248,2020-07-29T07:30:00Z
2019-03-26T08:00:00Z,generation_kw,442,2020-07-29T08:00:00Z
2019-03-26T08:30:00Z,generation_kw,611,2020-07-29T08:30:00Z
2019-03-26T09:00:00Z,generation_kw,807,2020-07-29T09:00:00Z
2019-03-26T09:30:00Z,generation_kw,1023,2020-07-29T09:30:00Z
2019-03-26T10:00:00Z,generation_kw,1187,2020-07-29T10:00:00Z
2019-03-26T10:30:00Z,generation_kw,1176,2020-07-29T10:30:00Z
2019-03-26T11:00:00Z,generation_kw,1147,2020-07-29T11:00:00Z
2019-03-26T11:30:00Z,generation_kw,1164,2020-07-29T11:30:00Z
2019-03-26T12:00:00Z,generation_kw,1268,2020-07-29T12:00:00Z
2019-03-26T12:30:00Z,generation_kw,1345,2020-07-29T12:30:00Z
2019-03-26T13:00:00Z,generation_kw,1373,2020-07-29T13:00:00Z
2019-03-26T13:30:00Z,generation_kw,1326,2020-07-29T13:30:00Z
2019-03-26T14:00:00Z,generation_kw,1219,2020-07-29T14:00:00Z
2019-03-26T14:30:00Z,generation_kw,1170,2020-07-29T14:30:00Z
2019-03-26T15:00:00Z,generation_kw,1097,2020-07-29T15:00:00Z
2019-03-26T15:30:00Z,generation_kw,933,2020-07-29T15:30:00Z
2019-03-26T16:00:00Z,generation_kw,773,2020-07-29T16:00:00Z
2019-03-26T16:30:00Z,generation_kw,598,2020-07-29T16:30:00Z
2019-03-26T17:00:00Z,generation_kw,399,2020-07-29T17:00:00Z
2019-03-26T17:30:00Z,generation_kw,246,2020-07-29T17:30:00Z
2019-03-26T18:00:00Z,generation_kw,91,2020-07-29T18:00:00Z
2019-03-26T18:30:00Z,generation_kw,12,2020-07-29T18:30:00Z
2019-03-26T19:00:00Z,generation_kw,0,2020-07-29T19:00:00Z
2019-03-26T19:30:00Z,generation_kw,0,2020-07-29T19:30:00Z
2019-03-26T20:00:00Z,generation_kw,0,2020-07-29T20:00:00Z
2019-03-26T20:30:00Z,generation_kw,0,2020-07-29T20:30:00Z
2019-03-26T21:00:00Z,generation_kw,0,2020-07-29T21:00:00Z
2019-03-26T21:30:00Z,generation_kw,0,2020-07-29T21:30:00Z
2019-03-26T22:00:00Z,generation_kw,0,2020-07-29T22:00:00Z
2019-03-26T22:30:00Z,generation_kw,0,2020-07-29T22:30:00Z
2019-03-26T23:00:00Z,generation_kw,0,2020-07-29T23:00:00Z
2019-03-26T23:30:00Z,generation_kw,0,2020-07-29T23:30:00Z
2019-03-27T00:00:00Z,generation_kw,0,2020-07-30T00:00:00Z
2019-03-27T00:30:00Z,generation_kw,0,2020-07-30T00:30:00Z
2019-03-27T01:00:00Z,generation_kw,0,2020-07-30T01:00:00Z
2019-03-27T01:30:00Z,generation_kw,0,2020-07-30T01:30:00Z
2019-03-27T02:00:00Z,generation_kw,0,2020-07-30T02:00:00Z
2019-03-27T02:30:00Z,generation_kw,0,2020-07-30T02:30:00Z
2019-03-27T03:00:00Z,generation_kw,0,2020-07-30T03:00:00Z
2019-03-27T03:30:00Z,generation_kw,0,2020-07-30T03:30:00Z
2019-03-27T04:00:00Z,generation_kw,0,2020-07-30T04:00:00Z
2019-03-27T04:30:00Z,generation_kw,0,2020-07-30T04:30:00Z
2019-03-27T05:00:00Z,generation_kw,0,2020-07-30T05:00:00Z
2019-03-27T05:30:00Z,generation_kw,0,2020-07-30T05:30:00Z
2019-03-27T06:00:00Z,generation_kw,0,2020-07-30T06:00:00Z
2019-03-27T06:30:00Z,generation_kw,7,2020-07-30T06:30:00Z
2019-03-27T07:00:00Z,generation_kw,62,2020-07-30T07:00:00Z
2019-03-27T07:30:00Z,generation_kw,157,2020-07-30T07:30:00Z
2019-03-27T08:00:00Z,generation_kw,282,2020-07-30T08:00:00Z
2019-03-27T08:30:00Z,generation_kw,399,2020-07-30T08:30:00Z
2019-03-27T09:00:00Z,generation_kw,512,2020-07-30T09:00:00Z
2019-03-27T09:30:00Z,generation_kw,621,2020-07-30T09:30:00Z
2019-03-27T10:00:00Z,generation_kw,711,2020-07-30T10:00:00Z
2019-03-27T10:30:00Z,generation_kw,803,2020-07-30T10:30:00Z
2019-03-27T11:00:00Z,generation_kw,899,2020-07-30T11:00:00Z
2019-03-27T11:30:00Z,generation_kw,897,2020-07-30T11:30:00Z
2019-03-27T12:00:00Z,generation_kw,882,2020-07-30T12:00:00Z
2019-03-27T12:30:00Z,generation_kw,886,2020-07-30T12:30:00Z
2019-03-27T13:00:00Z,generation_kw,927,2020-07-30T13:00:00Z
2019-03-27T13:30:00Z,generation_kw,976,2020-07-30T13:30:00Z
2019-03-27T14:00:00Z,generation_kw,989,2020-07-30T14:00:00Z
2019-03-27T14:30:00Z,generation_kw,925,2020-07-30T14:30:00Z
2019-03-27T15:00:00Z,generation_kw,865,2020-07-30T15:00:00Z
2019-03-27T15:30:00Z,generation_kw,786,2020-07-30T15:30:00Z
2019-03-27T16:00:00Z,generation_kw,670,2020-07-30T16:00:00Z
2019-03-27T16:30:00Z,generation_kw,519,2020-07-30T16:30:00Z
2019-03-27T17:00:00Z,generation_kw,389,2020-07-30T17:00:00Z
2019-03-27T17:30:00Z,generation_kw,250,2020-07-30T17:30:00Z
2019-03-27T18:00:00Z,generation_kw,115,2020-07-30T18:00:00Z
2019-03-27T18:30:00Z,generation_kw,16,2020-07-30T18:30:00Z
2019-03-27T19:00:00Z,generation_kw,0,2020-07-30T19:00:00Z
2019-03-27T19:30:00Z,generation_kw,0,2020-07-30T19:30:00Z
2019-03-27T20:00:00Z,generation_kw,0,2020-07-30T20:00:00Z
2019-03-27T20:30:00Z,generation_kw,0,2020-07-30T20:30:00Z
2019-03-27T21:00:00Z,generation_kw,0,2020-07-30T21:00:00Z
2019-03-27T21:30:00Z,generation_kw,0,2020-07-30T21:30:00Z
2019-03-27T22:00:00Z,generation_kw,0,2020-07-30T22:00:00Z
2019-03-27T22:30:00Z,generation_kw,0,2020-07-30T22:30:00Z
2019-03-27T23:00:00Z,generation_kw,0,2020-07-30T23:00:00Z
2019-03-27T23:30:00Z,generation_kw,0,2020-07-30T23:30:00Z
2019-03-28T00:00:00Z,generation_kw,0,2020-07-31T00:00:00Z
2019-03-28T00:30:00Z,generation_kw,0,2020-07-31T00:30:00Z
2019-03-28T01:00:00Z,generation_kw,0,2020-07-31T01:00:00Z
2019-03-28T01:30:00Z,generation_kw,0,2020-07-31T01:30:00Z
2019-03-28T02:00:00Z,generation_kw,0,2020-07-31T02:00:00Z
2019-03-28T02:30:00Z,generation_kw,0,2020-07-31T02:30:00Z
2019-03-28T03:00:00Z,generation_kw,0,2020-07-31T03:00:00Z
2019-03-28T03:30:00Z,generation_kw,0,2020-07-31T03:30:00Z
2019-03-28T04:00:00Z,generation_kw,0,2020-07-31T04:00:00Z
2019-03-28T04:30:00Z,generation_kw,0,2020-07-31T04:30:00Z
2019-03-28T05:00:00Z,generation_kw,0,2020-07-31T05:00:00Z
2019-03-28T05:30:00Z,generation_kw,0,2020-07-31T05:30:00Z
2019-03-28T06:00:00Z,generation_kw,0,2020-07-31T06:00:00Z
2019-03-28T06:30:00Z,generation_kw,19,2020-07-31T06:30:00Z
2019-03-28T07:00:00Z,generation_kw,118,2020-07-31T07:00:00Z
2019-03-28T07:30:00Z,generation_kw,273,2020-07-31T07:30:00Z
2019-03-28T08:00:00Z,generation_kw,436,2020-07-31T08:00:00Z
2019-03-28T08:30:00Z,generation_kw,636,2020-07-31T08:30:00Z
2019-03-28T09:00:00Z,generation_kw,835,2020-07-31T09:00:00Z
2019-03-28T09:30:00Z,generation_kw,1044,2020-07-31T09:30:00Z
2019-03-28T10:00:00Z,generation_kw,1213,2020-07-31T10:00:00Z
2019-03-28T10:30:00Z,generation_kw,1371,2020-07-31T10:30:00Z
2019-03-28T11:00:00Z,generation_kw,1473,2020-07-31T11:00:00Z
2019-03-28T11:30:00Z,generation_kw,1559,2020-07-31T11:30:00Z
2019-03-28T12:00:00Z,generation_kw,1578,2020-07-31T12:00:00Z
2019-03-28T12:30:00Z,generation_kw,1629,2020-07-31T12:30:00Z
2019-03-28T13:00:00Z,generation_kw,1610,2020-07-31T13:00:00Z
2019-03-28T13:30:00Z,generation_kw,1589,2020-07-31T13:30:00Z
2019-03-28T14:00:00Z,generation_kw,1533,2020-07-31T14:00:00Z
2019-03-28T14:30:00Z,generation_kw,1431,2020-07-31T14:30:00Z
2019-03-28T15:00:00Z,generation_kw,1275,2020-07-31T15:00:00Z
2019-03-28T15:30:00Z,generation_kw,1100,2020-07-31T15:30:00Z
2019-03-28T16:00:00Z,generation_kw,929,2020-07-31T16:00:00Z
2019-03-28T16:30:00Z,generation_kw,730,2020-07-31T16:30:00Z
2019-03-28T17:00:00Z,generation_kw,515,2020-07-31T17:00:00Z
2019-03-28T17:30:00Z,generation_kw,314,2020-07-31T17:30:00Z
2019-03-28T18:00:00Z,generation_kw,142,2020-07-31T18:00:00Z
2019-03-28T18:30:00Z,generation_kw,25,2020-07-31T18:30:00Z
2019-03-28T19:00:00Z,generation_kw,0,2020-07-31T19:00:00Z
2019-03-28T19:30:00Z,generation_kw,0,2020-07-31T19:30:00Z
2019-03-28T20:00:00Z,generation_kw,0,2020-07-31T20:00:00Z
2019-03-28T20:30:00Z,generation_kw,0,2020-07-31T20:30:00Z
2019-03-28T21:00:00Z,generation_kw,0,2020-07-31T21:00:00Z
2019-03-28T21:30:00Z,generation_kw,0,2020-07-31T21:30:00Z
2019-03-28T22:00:00Z,generation_kw,0,2020-07-31T22:00:00Z
2019-03-28T22:30:00Z,generation_kw,0,2020-07-31T22:30:00Z
2019-03-28T23:00:00Z,generation_kw,0,2020-07-31T23:00:00Z
2019-03-28T23:30:00Z,generation_kw,0,2020-07-31T23:30:00Z
2019-03-29T00:00:00Z,generation_kw,0,2020-08-01T00:00:00Z
2019-03-29T00:30:00Z,generation_kw,0,2020-08-01T00:30:00Z
2019-03-29T01:00:00Z,generation_kw,0,2020-08-01T01:00:00Z
2019-03-29T01:30:00Z,generation_kw,0,2020-08-01T01:30:00Z
2019-03-29T02:00:00Z,generation_kw,0,2020-08-01T02:00:00Z
2019-03-29T02:30:00Z,generation_kw,0,2020-08-01T02:30:00Z
2019-03-29T03:00:00Z,generation_kw,0,2020-08-01T03:00:00Z
2019-03-29T03:30:00Z,generation_kw,0,2020-08-01T03:30:00Z
2019-03-29T04:00:00Z,generation_kw,0,2020-08-01T04:00:00Z
2019-03-29T04:30:00Z,generation_kw,0,2020-08-01T04:30:00Z
2019-03-29T05:00:00Z,generation_kw,0,2020-08-01T05:00:00Z
2019-03-29T05:30:00Z,generation_kw,0,2020-08-01T05:30:00Z
2019-03-29T06:00:00Z,generation_kw,1,2020-08-01T06:00:00Z
2019-03-29T06:30:00Z,generation_kw,47,2020-08-01T06:30:00Z
2019-03-29T07:00:00Z,generation_kw,185,2020-08-01T07:00:00Z
2019-03-29T07:30:00Z,generation_kw,361,2020-08-01T07:30:00Z
2019-03-29T08:00:00Z,generation_kw,553,2020-08-01T08:00:00Z
2019-03-29T08:30:00Z,generation_kw,747,2020-08-01T08:30:00Z
2019-03-29T09:00:00Z,generation_kw,957,2020-08-01T09:00:00Z
2019-03-29T09:30:00Z,generation_kw,1157,2020-08-01T09:30:00Z
2019-03-29T10:00:00Z,generation_kw,1343,2020-08-01T10:00:00Z
2019-03-29T10:30:00Z,generation_kw,1516,2020-08-01T10:30:00Z
2019-03-29T11:00:00Z,generation_kw,1661,2020-08-01T11:00:00Z
2019-03-29T11:30:00Z,generation_kw,1759,2020-08-01T11:30:00Z
2019-03-29T12:00:00Z,generation_kw,1798,2020-08-01T12:00:00Z
2019-03-29T12:30:00Z,generation_kw,1815,2020-08-01T12:30:00Z
2019-03-29T13:00:00Z,generation_kw,1787,2020-08-01T13:00:00Z
2019-03-29T13:30:00Z,generation_kw,1715,2020-08-01T13:30:00Z
2019-03-29T14:00:00Z,generation_kw,1608,2020-08-01T14:00:00Z
2019-03-29T14:30:00Z,generation_kw,1475,2020-08-01T14:30:00Z
2019-03-29T15:00:00Z,generation_kw,1317,2020-08-01T15:00:00Z
2019-03-29T15:30:00Z,generation_kw,1129,2020-08-01T15:30:00Z
2019-03-29T16:00:00Z,generation_kw,920,2020-08-01T16:00:00Z
2019-03-29T16:30:00Z,generation_kw,713,2020-08-01T16:30:00Z
2019-03-29T17:00:00Z,generation_kw,497,2020-08-01T17:00:00Z
2019-03-29T17:30:00Z,generation_kw,299,2020-08-01T17:30:00Z
2019-03-29T18:00:00Z,generation_kw,126,2020-08-01T18:00:00Z
2019-03-29T18:30:00Z,generation_kw,20,2020-08-01T18:30:00Z
2019-03-29T19:00:00Z,generation_kw,0,2020-08-01T19:00:00Z
2019-03-29T19:30:00Z,generation_kw,0,2020-08-01T19:30:00Z
2019-03-29T20:00:00Z,generation_kw,0,2020-08-01T20:00:00Z
2019-03-29T20:30:00Z,generation_kw,0,2020-08-01T20:30:00Z
2019-03-29T21:00:00Z,generation_kw,0,2020-08-01T21:00:00Z
2019-03-29T21:30:00Z,generation_kw,0,2020-08-01T21:30:00Z
2019-03-29T22:00:00Z,generation_kw,0,2020-08-01T22:00:00Z
2019-03-29T22:30:00Z,generation_kw,0,2020-08-01T22:30:00Z
2019-03-29T23:00:00Z,generation_kw,0,2020-08-01T23:00:00Z
2019-03-29T23:30:00Z,generation_kw,0,2020-08-01T23:30:00Z
2019-03-30T00:00:00Z,generation_kw,0,2020-08-02T00:00:00Z
2019-03-30T00:30:00Z,generation_kw,0,2020-08-02T00:30:00Z
2019-03-30T01:00:00Z,generation_kw,0,2020-08-02T01:00:00Z
2019-03-30T01:30:00Z,generation_kw,0,2020-08-02T01:30:00Z
2019-03-30T02:00:00Z,generation_kw,0,2020-08-02T02:00:00Z
2019-03-30T02:30:00Z,generation_kw,0,2020-08-02T02:30:00Z
2019-03-30T03:00:00Z,generation_kw,0,2020-08-02T03:00:00Z
2019-03-30T03:30:00Z,generation_kw,0,2020-08-02T03:30:00Z
2019-03-30T04:00:00Z,generation_kw,0,2020-08-02T04:00:00Z
2019-03-30T04:30:00Z,generation_kw,0,2020-08-02T04:30:00Z
2019-03-30T05:00:00Z,generation_kw,0,2020-08-02T05:00:00Z
2019-03-30T05:30:00Z,generation_kw,0,2020-08-02T05:30:00Z
2019-03-30T06:00:00Z,generation_kw,1,2020-08-02T06:00:00Z
2019-03-30T06:30:00Z,generation_kw,38,2020-08-02T06:30:00Z
2019-03-30T07:00:00Z,generation_kw,144,2020-08-02T07:00:00Z
